tuyear,age,t0101,t0102,t0103,t0104,t0105,t0199,t0201,t0202,t0203,t0204,t0205,t0206,t0207,t0208,t0209,t0299,t0301,t0302,t0303,t0304,t0305,t0399,t0401,t0402,t0403,t0404,t0405,t0499,t0501,t0502,t0503,t0504,t0599,t0601,t0602,t0603,t0604,t0699,t0701,t0702,t0703,t0799,t0801,t0802,t0803,t0804,t0805,t0806,t0807,t0808,t0899,t0901,t0902,t0903,t0904,t0905,t0999,t1001,t1002,t1003,t1004,t1099,t1101,t1102,t1199,t1201,t1202,t1203,t1204,t1205,t1299,t1301,t1302,t1303,t1304,t1399,t1401,t1499,t1501,t1502,t1503,t1504,t1505,t1506,t1599,t1601,t1699,t1801,t1802,t1803,t1804,t1805,t1806,t1807,t1808,t1809,t1810,t1811,t1812,t1813,t1814,t1815,t1816,t1818,t1899,t5001,t5099,ttotal
2003,15 to 24,549.10498,44.635902,.42443964,1.7172155,0,0,17.200884,13.06685,3.8064978,.90091991,2.6098087,2.2585187,3.1475005,1.0670513,7.5162296,.0012678517,12.937197,.20994656,.26414552,.24424113,.92011434,.043586839,4.2844014,.034392525,.02380651,.82584482,5.1719437,.037003886,143.02838,.47066873,2.938693,1.9156369,.023543289,84.91304,2.6307981,30.750607,.79266417,.62172717,22.167511,.15751311,0,0,.0012234107,.26985779,0,1.1586704,1.4977762,.1932829,.035298973,0,.031267844,.013751893,.0030800428,.014758173,0,.34746668,0,.22844949,.031067312,.095218807,0,0,50.00713,.21190916,0,52.593639,7.9328332,204.28772,7.8996196,.42954516,.17725183,29.56357,3.3628137,.16614516,0,.010918481,6.9564605,.10135217,2.1991358,.90198344,.85710156,.50685453,.72076035,.12006232,1.157988,7.4445434,3.3182368,1.1908293,2.1377912,2.5823531,7.5412288,12.628545,9.7656145,12.585065,1.465905,.33903414,.26512364,7.0209484,17.15974,4.829423,.96071929,.5030821,.13419923,.0034190775,3.9112332,6.8085423,.45296469,1440.0002
2004,15 to 24,553.77374,41.981129,.80635667,.75450468,0,0,16.659262,12.576861,2.9592142,.27049005,2.8832974,1.9949912,3.9490643,.68512517,9.5071669,.175036,14.237111,.56106651,.61430931,.25276965,1.6628335,0,4.2645941,.080248021,0,.97383481,3.3575168,.040611792,136.46129,.038788594,2.5071547,1.9210403,0,81.481354,.92512983,32.796207,.33044887,.79724097,20.789562,.0022344354,0,0,.01342853,.19544297,0,1.1703502,.70030326,.069064155,.027620198,0,.072590932,.0072574439,.0030353314,0,0,.14126158,0,.10032354,.055696841,.058718532,0,0,54.149948,.25750968,0,51.059052,6.4581995,217.0567,8.5693989,.28660172,0,30.171448,3.9744999,.10738992,0,.017176548,6.4905391,0,1.2057378,2.3367977,.69504541,.30924767,.62950361,.12034846,2.2977901,7.2872133,3.7994025,1.2880011,3.0698857,2.3789368,6.0010076,13.154759,8.9475355,12.215045,1.579614,.28426853,.21231183,7.4118052,14.851313,4.5528107,1.1122842,.95368904,.43311569,0,1.6296406,6.9577765,0,1440.0004
2005,15 to 24,556.34845,45.793758,1.6651988,1.5892186,0,0,20.672592,13.109181,1.6564045,2.5256553,2.5603983,2.4567838,3.1963527,.77573556,10.126575,.0091005387,16.593208,.8289153,.46501923,.150756,.80916983,0,4.1856546,.24044514,0,.59168887,3.3586121,.17421164,141.58917,.1167215,2.560293,1.485755,0,70.563232,.79929805,29.287373,.51270986,.8026787,20.95656,0,0,0,0,.35858807,0,2.2088976,.56902027,.48873821,0,0,.17415968,.0012979422,.19815367,0,0,.10891466,0,.21874276,.45108137,.027403567,0,0,54.544373,.17244136,0,51.178581,7.8828645,206.22867,8.0783577,.12874427,.14025253,30.110676,3.8603277,.1819113,0,.0039514415,7.9599848,0,1.1069366,1.2704998,.81492257,2.3980103,1.2548962,.022561247,2.1404147,5.3362937,3.5550063,.86582279,3.3488638,2.9433219,5.009376,11.956527,6.9653821,11.968607,1.2068483,.15322514,.086627759,7.1312213,18.992416,4.78021,.91731042,1.0283618,.35191223,.0075075622,1.0066247,9.5472717,0,1440.0001
2006,15 to 24,551.46765,44.451038,1.0385175,.60419339,0,0,20.473753,13.397139,2.441375,.80878907,2.9282844,2.5262809,3.4715991,.19880311,10.341142,.027301591,15.266696,.27113312,.40953904,.095225319,.57956761,0,4.1360588,.2562764,.0053185881,.41047731,2.8410187,.017285751,150.67188,.014944126,2.0532346,1.253404,.0026052443,85.813408,.82126355,29.154072,.37246421,.53889632,19.977673,.01468457,0,0,.017908737,.24612117,0,2.20081,.74428201,.26549929,.036294468,0,.23867287,.0042139832,.026593091,.026150327,0,.43456876,0,.3042196,.54351568,.0055956743,0,0,59.101379,.15019281,0,47.950504,7.164638,194.95375,7.7094684,.14658864,0,31.04319,4.1707449,.23117802,0,0,7.393775,0,.78013664,.77850848,.39890164,1.052986,1.2003337,.11851865,2.2197821,6.5064306,3.842416,1.0221883,2.8081143,2.9584899,4.5767031,13.023504,7.484725,10.33285,1.4999894,.1296494,.25001594,9.0038223,15.252274,4.3355103,1.1127464,.91805702,.14523019,.0020814254,1.7633492,12.190878,.028925419,1440.0002
2007,15 to 24,546.60315,46.209877,.45618132,.070906721,0,.0028046076,19.185566,10.919705,2.0580733,1.7768986,4.0743761,3.4630527,2.0345335,.43076444,10.137784,.0069495486,11.642921,.36111221,.21912912,.22880639,.4411144,0,2.2356627,.19275884,0,.47343379,3.8934195,0,162.8098,.012476255,3.6128695,2.7050135,0,76.034264,1.6281451,33.17181,.77005953,.41931963,19.93985,.1032793,0,0,.020392301,.41287461,0,2.1084912,.69144708,.29057336,.028973967,0,.29581422,0,0,0,0,.25248665,0,.21729659,0,0,0,0,57.480469,.14970347,0,46.469524,7.373683,198.22148,8.035181,.034803551,.41568822,34.457363,3.454407,.014802099,0,0,5.3673267,0,.35259232,1.5837706,.018595356,1.4433271,.90410274,.02265675,4.2031465,5.7482729,3.8131294,1.5011173,3.7872829,1.7600914,4.5236921,13.848009,7.1104989,12.473109,1.3393241,.13121335,.11837126,7.0374513,15.177347,5.0333371,.90605581,1.0602405,.18843305,.008472532,1.0489262,10.738761,0,1439.9999
2008,15 to 24,552.03394,45.128277,.91187108,1.2524166,0,0,19.269258,12.530562,1.6938896,.55735248,2.9413595,4.3487353,2.5075989,.64243382,9.2779188,.006826431,14.686402,.30396843,.73242652,.52278054,.61966896,0,3.9450808,0,.28951889,.46462497,4.8357329,0,150.63434,.25672916,4.2599306,1.8411821,0,82.321152,1.6182951,36.177395,1.2150508,.47573304,20.593987,.19259,0,0,.015009192,.37330288,.052598611,1.0158981,.90271705,.064798437,.029961493,0,.094745986,.0027825357,.10506179,.020962514,0,.43788666,0,.046622295,.0048040003,0,.00039044471,0,56.418785,.17175877,0,49.183285,5.0739179,194.48083,8.1880808,.30627975,0,31.709503,4.5140576,.0069325608,0,.0027438011,4.5775642,0,.47515935,1.1099882,.37781787,1.3642354,.44627845,.02489927,1.4444838,8.2693405,5.2797356,1.1010804,2.4277136,2.5449402,4.3145533,12.983792,8.3942738,12.416118,1.1095344,.48290399,.13915055,6.6697855,14.439244,4.6512508,.75925374,.59274846,.091454156,.018822186,1.328252,9.8528881,0,1439.9999
2009,15 to 24,566.73816,44.846992,.8641175,1.2412682,0,0,18.028744,13.310658,3.2609615,.51296133,4.643827,4.386539,1.5817728,.63564783,9.3875265,0,13.189133,.28862295,.45955259,.34444433,1.474507,0,3.3839862,.36095455,.054265648,.30222359,3.5808649,0,126.62326,.13967986,3.4079685,2.1098375,0,80.554367,2.5651016,36.955799,.51443207,.64456779,20.422052,.10476355,0,0,0,.32341376,0,1.1183044,.90555793,.1603909,.28305051,0,.058044482,.025583271,.1173607,0,0,.074536011,0,.07020466,.16416043,.072125658,0,0,54.509739,.35756594,0,44.171379,5.9136496,211.32404,6.7526131,.11909779,.0519538,30.988356,2.5676947,.0079257973,0,0,5.629303,0,.92236149,1.645107,.64836067,.87760663,.54167831,.031608287,1.6662422,7.1021538,2.9697633,2.5177021,2.9843147,2.069068,5.1508055,12.617498,8.0983562,11.713526,1.0305736,.12751351,.086265802,7.9776573,14.697078,4.4269757,.67281222,1.1956829,.26565596,.018028446,1.1475004,14.112521,0,1440.0004
2010,15 to 24,554.58466,45.917519,1.4820857,.72218198,0,0,20.792799,16.787392,2.7079592,1.2320373,3.1916218,4.0343199,4.2580338,.43638161,7.5420051,0,16.161098,.3023341,.62081963,.20319116,.67621559,0,2.6493669,.10571744,0,.094843216,3.6741593,0,116.84149,.036263719,2.566051,2.5669403,0,83.951347,1.4977485,36.949127,.38315061,.35527042,18.237265,.062861413,0,0,0,.13980907,.049803667,1.7245189,.38562635,.23738571,.17875679,0,.078755803,.038420081,.51887405,0,0,.16017686,0,.35108721,.31627795,.35149512,0,0,57.584194,.25362283,0,49.047802,4.2219176,218.45378,7.3031464,.13141401,0,29.519855,3.1362605,.10058526,0,0,6.236156,.0097729787,1.024248,1.999558,.60770762,.52042937,.60509342,.048828229,1.369395,6.5342531,2.8178256,1.2785912,2.6536076,2.9747477,4.8024273,9.453577,7.3717179,10.783112,1.0830562,.092985004,.17454408,7.1582589,14.568533,4.4219356,.7631377,.73309964,.18846814,.029062945,2.877423,20.910654,0,1439.9998
2011,15 to 24,559.30408,45.429367,.014056331,.42050457,0,0,20.520494,16.198027,2.1729572,2.8669789,2.250494,2.6311879,1.5446432,.70124125,4.7674861,.021735508,14.617633,.51253814,.099882647,.20871277,.8554846,0,2.5754752,.056691404,.076800346,.15882194,2.691879,.0018343922,128.18088,.011798307,2.8305516,.7193957,0,81.667435,1.7556887,34.440582,1.0758729,1.0423313,17.628683,.08450859,0,0,.0075266594,.20040791,0,1.2266963,.71755111,.14180897,0,0,.0440129,0,.026627921,0,.2004772,.33904222,0,.13837789,.34571782,0,0,0,59.92979,.20410046,0,47.855724,7.4141808,214.23869,7.0513101,.13404809,0,33.623165,3.688823,.025365187,0,.015442854,8.1772766,.012030956,2.4658406,1.3443443,1.0858114,1.1079217,.60087526,.34972227,1.6217065,5.514379,2.0290489,1.9911429,3.013,2.4202483,3.5512335,10.898671,8.4299717,10.018798,1.0618132,.31517345,.11527015,6.8469257,13.062779,4.5086231,1.0637108,1.061525,.16169202,.61144835,2.1777055,16.675697,0,1439.9998
2012,15 to 24,560.51904,44.443565,.80972826,.11824801,0,0,17.208532,12.406159,1.6531941,.98733938,2.4635057,3.6409144,1.6075475,.38306302,3.7819242,0,17.33147,.38114077,.47881892,.15347864,.86623919,0,2.0655916,0,0,.70153254,2.8529627,0,124.0108,.034476735,2.2287149,3.8001277,0,82.482368,.81944668,37.684303,1.2534567,.89086783,15.751521,0,0,0,0,.25062373,.18714198,1.3494489,.67329913,.12901738,0,0,.29626226,.01045524,.011658047,.0074084261,0,.74366081,0,1.1715924,.023737488,.29238072,0,0,58.098129,.24021707,0,53.824062,8.1396675,215.13403,8.4139557,.15096162,0,32.954395,2.6370387,.13820526,0,.011821511,6.8924809,0,1.6201389,.7882039,.18380107,1.0443765,.47388154,0,.58698547,7.7470651,2.7650139,1.510558,2.4619386,2.3489857,3.8986788,11.017419,8.8120909,9.5616522,1.086881,.5272463,.64395046,7.7410316,15.739191,5.1422997,1.0124898,.61772126,.13422439,.021343058,2.2999024,14.621211,0,1440.0002
2013,15 to 24,560.43073,48.267277,2.0898802,.24457136,0,0,16.047619,14.99649,2.408427,.6720686,3.0143533,3.4600942,2.5724108,.90445465,5.3040009,0,12.605886,.65799415,.25003788,.42818433,.86524129,0,3.684341,.0065916856,.081023917,.40533805,3.1713579,0,126.26891,.54821312,2.3752749,4.1299257,0,77.831322,1.9636768,43.210384,.6664328,.43530473,17.722954,.14118113,0,0,.002188328,.11346775,0,1.5842485,.85129225,.40183792,.03518641,0,.027405372,0,0,.011292789,0,.14571851,0,.59107953,.049504597,.16095945,0,0,59.216099,.30442122,0,47.432407,4.4064431,209.89154,5.4002681,.071100816,0,33.482929,3.426044,.013631997,0,0,6.5121875,0,1.273043,2.4337232,.21359822,1.7070854,.045648359,0,.82675791,4.6341004,3.1046743,.76919562,2.430408,1.8909621,3.296567,10.061467,8.0199099,10.544291,1.484013,.21320006,.14761472,8.033555,15.332659,5.2734184,.72393578,.74065334,.32966539,0,2.7915637,21.685061,0,1440
2014,15 to 24,571.91309,46.451271,1.5004135,.30984423,0,0,18.465666,16.591028,1.6675328,.73669994,2.1152096,3.7400548,1.5302882,.15738547,3.5341434,0,13.743643,.49262193,1.0322025,.11731736,.53041399,0,4.0777006,.040768147,0,.030263375,1.8669472,0,133.65263,.32613003,3.2705634,2.6566191,0,69.851501,1.1306556,34.575005,.39039087,.23167926,19.581974,.0013397667,0,0,0,.78871071,0,2.2371325,.75431401,.15125465,.23931724,0,0,.0078436602,0,.012975634,0,.63704431,0,.18753135,.48611933,0,0,0,56.20433,.26565331,0,46.294899,4.4397225,226.19548,6.4394388,.053879857,0,29.410082,2.943732,.22047625,0,0,4.9109755,0,1.604113,.94322985,.15557061,1.0657625,1.4478681,.021003485,1.6672313,6.5967493,2.5665989,1.0834347,2.1810043,3.7148051,3.5651107,10.962367,7.6054935,10.355598,1.9277322,.2354937,.13829143,6.8956318,13.538027,5.810605,.89990157,.84418547,.24247503,.010122757,2.6940613,12.033628,0,1440
2015,15 to 24,574.67529,46.048447,1.1787995,.30003119,0,0,19.726818,16.044718,.71734387,1.2402765,3.1169419,4.1042066,3.1273136,.41891381,4.9751196,0,12.972661,.58899438,.24059194,.14985979,.69391364,0,.93963248,0,0,.40747854,3.0508325,0,134.9873,1.4221866,2.9453204,1.9812647,0,78.37542,2.0338378,41.902157,1.5332094,1.090911,18.058126,.059209622,0,0,.027366435,.16065161,0,1.8635498,.4898288,.073734216,.12198973,0,.0034437582,.0048675537,0,0,0,.19428304,0,.013704549,.034807406,0,0,0,57.651543,.22568887,0,41.443577,3.1516566,216.88361,6.6917892,.0060274685,0,28.810976,.90406591,.022461785,0,.080566548,5.7012792,0,.63014728,1.4319223,.63327152,.64624733,.77922529,.03887536,.77044958,7.7692904,2.0469477,1.7116389,1.7200309,3.42976,3.026736,10.738652,9.5654812,11.830764,1.5383824,.15371262,.018682964,7.6054497,12.208821,4.6795063,.83789814,.67292589,.17070766,.12189754,1.7977369,9.756237,0,1439.9998
2016,15 to 24,572.87054,45.473305,.41766915,.42542315,0,0,21.279379,16.827055,.78364748,.44674221,3.5715971,3.4350054,1.5116931,.95519274,3.9710939,0,10.609241,.66340888,.00099468871,.1797554,.57905024,0,2.3043795,0,0,.20143251,3.9316483,0,143.34416,0,1.681251,3.50296,0,86.882721,.93858957,47.327671,.80056471,.2953212,15.406197,.27131921,0,0,0,.089479029,0,.97247446,.87939739,.88712829,0,0,.12261373,.043427382,.24171783,0,0,.49324733,0,.14667802,.16236199,0,0,0,53.939697,.44687423,0,39.504425,4.2439246,200.94025,5.5427356,.10139643,0,30.832048,2.6661916,.053916421,0,.45622554,6.0737405,0,.46930513,.68743169,.30237654,.4807719,.36561447,0,.93391836,5.6793656,2.5915277,1.5201365,2.5384502,2.0664968,5.0547633,13.619395,9.0454607,11.913998,.80595386,.37047398,.21430154,6.4004736,10.328704,4.9111166,.92588216,.76054132,.64071935,.1875823,1.6497732,15.806496,0,1440
2017,15 to 24,583.28772,44.535404,.47855034,.63608301,0,0,17.902296,20.209244,1.1658986,.60905534,2.8042893,6.7047229,1.6840128,.5909096,5.7500157,.066551834,10.415073,.35975221,.20808952,.42845196,.54532105,0,1.303789,0,0,.61608464,1.6980171,0,117.01898,0,.85666704,.62142086,0,84.043678,1.4858533,46.152416,2.4353101,1.6970881,19.51161,0,0,0,0,.06072453,.43776658,.8817904,.45729709,.13817947,.077389419,0,.11353108,0,.046634924,0,0,.066663586,0,.021721566,.12565084,0,0,0,56.201935,.34291098,0,43.476742,7.4352636,213.62773,9.558383,.2175604,0,26.809246,3.3717725,.47674742,0,0,4.4974856,0,.36966777,2.635529,.32116315,2.0100658,1.1137153,.037797824,3.0593674,7.4104028,1.7501446,1.2874596,2.7542951,1.8644141,3.4626269,8.645751,9.5479183,10.706041,.80434078,.2352815,.016445264,6.4509974,12.923851,6.0071106,.63628674,.86042875,.12050048,.018170403,1.9022549,8.7825031,0,1439.9996
2003,25 to 34,511.1965,38.729076,1.6467696,1.2283847,0,.0021581228,35.785469,30.27067,4.4115472,2.2798579,7.0855055,4.176331,2.670423,.88831162,8.3350935,.4995445,52.694489,3.9218729,1.3985536,.60854012,.86166739,.03249108,2.815021,.1499052,.037576202,.60815352,4.4934816,.00043482566,260.42728,.63916749,1.8167776,3.1607773,0,6.2696242,0,9.4788485,.040698521,.23484851,24.357124,.043291338,0,.06028254,.11851122,.61315095,.023743704,2.7292879,.76588136,.3848505,.027871741,0,.055543706,.030475745,.15997638,.053123765,.0077461172,.44254526,0,.11140257,.016134722,.04125578,0,0,62.338482,.23465791,0,39.662113,6.6956992,172.95479,5.5015903,.13425049,.015448604,17.610863,2.3814437,.011892166,0,.0047650714,5.8550992,.0089300172,1.1046002,1.4603605,.16675016,.34767774,.44033325,.04803073,1.287807,3.5760539,1.3521441,.81648034,2.2919345,7.5286751,5.2531352,22.906687,1.3873817,13.949635,2.4700272,.407702,.097800016,6.8192525,9.977952,2.6916378,.99430567,.67866457,.123394,.066707619,2.5775564,6.5884061,.24083824,1439.9999
2004,25 to 34,507.82736,38.808662,2.9748611,1.0382779,0,0,33.280098,29.374477,5.1940742,2.7619913,6.7721624,3.119875,2.6310551,.48823893,7.4667978,.3999317,53.006985,3.7106128,1.1932069,.81800175,1.2548965,.065925069,1.7926455,.054096613,0,2.203196,6.074461,0,266.99182,.30419332,1.3023639,1.281886,0,7.1461921,.031253226,7.496912,.06312681,.038956951,25.955345,.015912831,0,0,.16402107,.78279823,0,1.6227682,1.7140106,.22335456,.10733356,0,.056015715,.26131245,.22940704,.019315606,0,.28802794,.0055244998,.28554487,.0059750597,.45831689,0,0,63.754726,.16377555,0,41.521038,5.1302571,176.37009,6.9987731,.030462611,.035155006,15.064274,1.9352726,.0085053155,0,.066323966,5.0275388,0,1.4222651,1.4169061,.14745614,.50532472,.51429546,.075255528,.48825598,3.6281738,1.4886079,1.1597801,2.1251795,8.15763,4.4532747,22.236948,1.3040397,14.771693,2.8100979,.43251067,.23450287,7.2445273,10.997683,2.00231,.86006802,.61766291,.087235302,.039902911,1.0943168,4.4143205,0,1440
2005,25 to 34,518.80316,38.39267,2.0580733,.37226793,0,0,35.799957,30.416716,4.8768592,2.6488416,5.0918751,3.6755114,1.6987513,1.071902,7.334168,.012447466,51.202927,3.6713798,1.5414151,.63294381,.6999532,.0038317295,2.9339616,.14140595,.1609278,.1565657,4.5381527,0,258.03799,.72679639,.91920471,1.087752,0,8.5835533,0,11.256102,.0073617743,.010042031,27.341286,0,0,0,.068181522,.45509484,0,1.4254537,1.5471722,.43904442,.033027302,0,.032579362,.020465005,.044363704,.01089376,.025082242,.25636655,.029676229,.23780105,.42120555,.11893984,0,.00028416311,64.324013,.20032264,0,37.952629,6.0464764,174.31743,4.1129408,.039135732,.0028352793,15.122381,2.5074539,.001329414,.034544107,.039691601,5.3511615,0,.9471274,1.6600171,.041017197,.41919792,.48012143,.18804921,.94621795,3.0551357,2.087898,1.3626815,2.5782347,7.9502277,4.4349761,22.701681,1.7424549,14.499552,2.1497948,.29972559,.29620457,7.787354,11.291683,2.5772872,.8366304,.72651827,.054011386,.019168405,1.0811028,6.661221,0,1439.9996
2006,25 to 34,514.58002,37.75687,3.9532497,1.2596424,0,0,36.208389,30.032562,3.6464148,.83885586,7.2585917,2.8797565,2.9050531,.89943373,9.4051218,.044642013,52.05201,3.0270803,1.365299,.60600168,.45161423,.0012439473,1.1718661,.035753861,.012171533,.25903004,3.0555303,0,257.93906,.79129416,1.4032055,1.7826688,.019439206,8.8865414,0,12.245932,.062394243,.081701078,25.531979,.024925342,0,0,.12461253,.43838793,.2971397,1.33918,.94929522,.55416411,.20002863,0,.14710154,.021503935,.13838574,.0043618535,0,.40424201,0,.24943529,.26323569,0,0,0,63.934982,.33200735,0,40.060028,5.909699,175.50879,6.6502018,.14151211,0,13.75874,1.7815018,.039496131,0,0,5.0158081,0,.78596127,.62780321,.067419447,.16496013,.22165701,.084505327,1.2640469,3.6694677,1.5434519,1.2573279,2.4889915,6.953064,2.9335322,24.10947,1.9777833,15.692741,1.8899835,.21225496,.14287838,7.0706859,12.126638,2.2783153,.88734931,.40457714,.10126403,.47851697,1.1878123,8.6383371,0,1440
2007,25 to 34,514.22302,38.75037,2.3749485,.73937148,0,.0087881433,35.258095,30.19507,4.9285345,2.0617616,6.7918653,4.1639686,2.4544599,.54457217,9.4801016,.053046744,54.132545,3.206475,1.6500463,.30141211,.39676929,0,2.4244227,.0028144431,.18826577,.21924141,2.4565616,0,273.89713,.62901938,.79097325,1.6388749,.010138557,4.1837926,0,6.3507261,.27409288,0,22.878332,.0061489088,0,0,.040516738,.5829258,0,1.8767564,1.0806726,.30065194,0,0,.10472307,.013727699,.24636209,.00082610734,0,.27739626,.042994007,.27151349,.027398905,0,0,0,63.562634,.17711553,0,38.557011,5.6494336,173.53767,5.6841426,.084298477,0,15.426981,1.6690253,.024746215,0,0,6.5986629,0,.84624803,2.3767514,.25441536,.63489372,.74758881,.025143066,1.277456,3.2647882,1.7387496,.86618996,2.0320618,7.6660652,3.2535453,21.580605,.77119303,14.759958,1.6238759,.23665734,.12353819,7.6458611,10.52089,2.559674,.82987535,1.1288464,.22720471,.092780612,1.9803684,7.4308429,0,1439.9996
2008,25 to 34,512.46442,39.607986,4.1345816,.80014491,0,.033078354,33.463783,31.859167,1.7618707,1.3588307,5.1899433,4.4238009,1.9386051,.86563814,8.7236176,.18902047,50.688534,3.1802249,1.1101404,.31675428,.71732986,.081469081,2.0437689,.15310518,0,.74805564,2.3616943,0,267.78821,.99790382,1.2793686,3.8361814,0,6.0025525,0,11.20744,.0064546424,.022153726,21.868811,.24359019,0,0,.11074468,.43730837,.025583716,1.6894269,1.0218621,.32689092,.15665442,0,.018296983,.046195276,.1561325,.0090749571,0,.48268834,0,.23366782,.29179764,.1441308,0,0,62.066181,.05915593,0,39.385254,6.4373813,178.28226,5.2575145,.086417288,.0116418,14.802725,1.7961458,.073592842,.0093465466,0,6.0433941,.038785428,.92080975,1.055241,.31622916,.40527177,1.1698314,.13994858,.91027242,4.4230185,.99934113,.63014108,2.3386374,8.0427866,3.0668359,22.064127,1.2588824,14.393548,1.5726885,.36131838,.41007066,7.8975368,11.909657,2.4884918,.90284479,.58254182,.073878422,.15455244,.64223355,9.8720694,.028747983,1440.0002
2009,25 to 34,512.64996,37.221855,.76581323,.91714674,0,0,33.058903,29.957317,2.1519499,1.0314213,5.664485,4.1442366,2.6175747,.48006499,9.1143456,0,56.469135,2.9394097,1.3590645,.89735436,.66505152,.040278759,2.5353837,.012055625,.010977858,.21264733,3.2201929,.0013232902,254.7641,.44983074,2.5221028,3.0783703,.014701819,5.5154023,0,10.998942,.13458341,.13113697,20.936729,.50188965,0,0,.056023818,.53870326,.075301483,1.5668238,.61021799,.53520644,.0069968035,0,.13870777,.028007314,.053373959,.035769962,0,.30513185,.04534347,.36914557,.055509623,.0071136062,0,0,64.915306,.11159153,0,37.60379,5.994091,190.79375,5.3149314,.085680671,0,17.506243,1.5495678,.026847243,0,0,5.9621835,0,.7363683,1.8094225,.29770038,.47412729,1.0638782,0,.79049045,3.484745,1.0710974,.61488235,2.6426888,7.3590646,3.5013864,21.013979,1.2376066,14.139619,1.575024,.23401541,.14830182,5.8705549,12.885361,2.4646111,.732701,.67754239,.18408428,.073060013,2.0310802,11.409486,0,1440.0001
2010,25 to 34,515.02063,43.309242,2.3425846,1.244312,0,.0027058085,28.864948,31.328968,3.8800068,2.3235714,5.5431895,3.9788692,2.5125852,.19522446,8.2610521,0,49.043381,3.2009382,1.0014906,.20136622,.61331034,0,2.245266,.10315495,0,.25847861,4.8106656,0,254.93886,.37487289,.92861617,2.5528708,0,6.4754186,0,7.8730516,.14416341,.11848516,22.046652,.010988062,0,0,.02603684,.22259477,.037280545,1.8567288,.60456181,.27472171,.076411866,0,.035907891,.014468813,.0072149686,.0089510866,0,.43778685,0,.23674378,.12742525,.23749971,.010149441,.024158375,66.51889,.14637144,0,40.626038,6.7666898,177.87064,5.2839513,.075297192,0,17.681938,.77951908,.048699286,0,0,6.7328997,0,2.3267438,1.5045878,.90112352,.34061015,.48714989,.027943287,1.4731271,3.8438492,1.1466941,1.0589042,2.3846345,6.374692,2.8517852,22.951567,1.2086629,14.189484,1.4479748,.26246256,.19264112,7.6089206,11.496819,3.1118124,.84259933,1.0789959,.12732522,.051627051,2.0500379,16.137764,0,1440.0001
2011,25 to 34,515.89142,40.175697,.75608134,.15641941,0,0,31.959843,29.985077,3.4353843,1.8397926,5.0137162,3.5634036,2.5290782,.42077452,9.2195473,.038679771,48.72604,3.1016631,1.3247595,.11219167,.62187368,.0071600135,1.9308137,.0030374168,.32169238,.26058507,3.5107875,0,267.65784,.39908621,2.5412428,3.3606758,.067532353,8.1244402,0,11.158663,.24522296,.1179714,19.57741,.038632803,0,0,.034430865,.35997516,.044083185,1.4270688,.82554805,.27474687,.19052342,0,.047509328,.0056469152,.11151852,.014528268,.0020288925,.44324467,0,.062084455,.099863596,.013019627,0,0,64.317574,.076850846,0,35.96212,6.6574674,175.24492,3.9081895,.0049362825,0,18.606661,1.5988076,.087438308,0,0,5.6750016,0,1.7697973,1.3220395,.62683344,.23962706,.24206553,.023322815,2.0764868,3.4517882,.89138991,.87155193,2.8147855,6.6685538,4.1028862,23.132441,2.3058002,11.579271,1.2885,.24863106,.78791583,6.6771283,9.5029001,2.9529262,.76288813,1.0129163,.20147596,.23184034,3.4905765,16.431799,.0018453547,1440
2012,25 to 34,525.72388,39.405525,1.02325,.3917546,0,0,33.585022,32.748489,2.0812697,1.8179884,4.7117314,3.1318214,2.4411852,.18324,7.5193467,.047774889,48.413509,3.4957304,1.5243371,.72964996,.35301936,.026506059,2.2783167,.045128059,0,.091190837,2.0846083,0,248.61703,.28557816,1.3078785,3.189455,0,8.1166458,0,12.687632,.019435847,1.2493441,22.425533,.020615928,0,0,.06895633,.32156944,.024522783,1.6296031,.59789538,.35484707,.13615063,0,.14660673,.12070953,.066262886,.043163311,.016478889,.3129271,.035766661,.14569415,.27826506,.015598889,0,0,65.873039,.13250013,0,34.813271,5.9364133,187.27776,4.3097696,.030598136,0,18.048323,1.1613944,.0033354126,0,.016082622,5.39219,0,.90463257,1.1614516,.17241494,.14921486,.66159123,0,.98119485,4.0037842,1.143135,1.000888,2.6654959,7.0872798,3.0337102,22.024374,1.9838583,14.218263,1.1898212,.41962066,.20516194,7.6105852,10.931046,2.8430991,1.2324868,.59505856,.049889121,.075617388,1.9041325,12.669083,0,1440.0004
2013,25 to 34,519.27606,41.552673,1.8546302,.28010878,0,0,31.417105,33.990189,4.9227738,1.263841,5.6541624,3.7863078,2.2164056,.4045856,6.8271103,.023246966,50.730061,3.0374396,.98096955,.2779561,.42152601,0,1.6827201,0,0,.57669848,3.121768,0,254.01144,.538683,.86798209,1.8516415,.0023049423,9.7803898,0,12.832,.55539703,0,22.982662,.20676903,0,0,.021830557,.11440612,0,2.5627589,1.0107763,.65301162,.077109054,0,.15798734,.028043138,.14456639,.051403109,0,.29947054,0,.77671492,0,.021232042,0,0,66.201813,.1169064,0,40.500317,5.5141649,175.71278,5.9893441,.027837969,0,16.362671,.85954863,.028646143,0,0,5.5260253,0,.64499855,2.8149574,.098044701,.27718148,.2560496,.058767859,1.1729618,2.7805729,1.2769501,.66433221,2.3934014,6.9518819,3.1318731,21.446745,1.2125793,14.488548,1.5694321,.20894688,.44243968,6.5299568,9.946146,3.1558187,.81081855,.72262722,.23233932,.043583021,1.6164337,14.364606,0,1440
2014,25 to 34,525.95026,39.581654,2.9614503,.34962159,0,0,34.617992,34.882462,4.1993389,.80292261,6.4859228,4.4171576,1.4616697,.77528268,6.5735765,.013135637,52.040234,3.2685335,1.0331355,.81694961,1.4255292,.016438769,1.225649,.034424037,0,.55727112,3.2948005,0,256.97906,.88130629,.80065811,3.5737426,.0922397,8.7117434,.048045374,11.883121,.2097145,.41478196,19.602242,.082423605,0,0,.037441205,.20901622,0,1.2636021,.90444428,.19834635,.060427047,0,.024435716,.017546332,.29429737,0,0,.62860125,.015071658,.13433057,.0065835854,.32531619,0,0,59.389687,.094653577,0,41.781452,5.5131516,173.67462,6.4274282,.15242992,.0023250724,17.361967,2.786716,.092570551,0,0,7.4331059,0,.81745332,.93653679,.26345673,.40442616,.28094012,0,.76120979,3.6205382,.63001442,1.1319262,2.6335433,7.4681845,1.8580365,22.85107,1.6070104,12.023454,1.7091806,.2256512,.25640723,5.6862102,9.3075914,3.1470573,1.1284524,.36488605,.070925027,.02774407,.71775788,11.176294,0,1439.9995
2015,25 to 34,532.48724,41.921257,2.4374192,.72268295,0,0,31.120943,38.766964,5.6928959,1.5915664,5.8050375,5.0038199,1.7933054,1.1886139,7.1874161,.2559301,49.533569,3.3118258,1.9381443,1.2841501,.56163806,0,1.0193056,.046936944,.0072715636,.40258908,2.6447344,0,255.01462,.17041841,.63273537,3.7738106,0,5.0803757,.1625275,10.86236,.14993306,.0058404584,19.533539,.030352244,0,0,.079677135,.22778566,0,1.338272,.32608914,.37483063,.0064213173,0,.081965312,.021375762,.23772268,.2519238,0,.20754002,0,.1012043,.0077638132,.30167899,0,0,61.933765,.1256157,0,38.648396,4.0420904,176.14047,5.2570162,.008618068,0,17.041521,1.0769646,.017589465,0,0,6.7042756,0,.80826735,1.0019546,.048394054,.4084169,.48649678,0,.46157965,3.1868567,1.2769405,1.0102155,2.3724513,7.0357985,2.6864314,22.826979,1.1710095,14.649645,.97031587,.62259841,.08246205,7.1682577,9.6946821,2.8440578,1.1712903,.44909227,.09713725,0,1.5683856,9.1979465,0,1440.0001
2016,25 to 34,522.54614,41.570774,2.9744051,.88789374,0,0,31.426992,34.48772,1.9217623,2.1952326,5.5993185,6.5707431,2.1561944,.3538689,8.6329203,0,48.860767,3.2315004,1.1563163,.51600516,.59398055,.093337856,1.5041796,0,0,.22267249,2.8477056,0,264.28934,.11935967,1.0837387,4.0598912,0,6.3105354,0,10.667408,.0067450223,.46687379,20.868906,.010385083,0,0,.063806191,.20591578,0,1.7973117,1.0062349,.61219198,.077185109,0,.05252751,.028527778,.078646332,.016293261,0,.30600131,0,.40444759,1.8989146,.033863485,0,0,66.601044,.24206991,0,35.639408,4.3912311,170.07655,5.0543494,.14451912,0,19.223742,.42658034,.035836011,0,0,4.9756846,0,.52907956,2.0325315,.35918263,.48451844,.44195035,.026428496,.5302459,3.6438673,1.1099529,2.5506682,2.9664462,7.0438957,2.6313839,22.98229,1.2944096,13.542971,1.9941661,.36794069,.25273949,7.2699575,10.204383,2.7745359,.79849911,.50668609,.32061195,.043649241,2.3895726,9.2809229,0,1439.9998
2017,25 to 34,525.48114,38.638901,1.593737,.76193935,0,0,30.158737,35.303955,3.869734,1.658312,5.363791,4.4518204,2.5978563,.8899467,7.2664213,.19818133,50.06839,2.6019163,1.5643713,.72699952,.54169774,0,.8941654,.14038338,0,.38070512,2.7421391,0,265.11646,.04043214,1.4732715,6.5752578,0,6.4031496,0,12.497736,.031077204,.63221395,19.72658,.12475511,0,0,.054262292,.11298292,0,3.061101,.56519574,.059828669,.17270917,0,.12212972,.0053582108,.11516812,.051111076,.0080184536,.34327,0,.016983049,.13397054,0,0,0,62.243195,.34932086,0,36.435684,6.0894094,171.52176,4.2925048,.055949923,0,18.800772,.9144159,.098612241,0,.047137447,5.3266125,0,.68801099,1.3437064,.089656293,1.0957919,.24735753,.02339202,1.7352234,4.2196736,.89015198,.76666617,2.8655813,6.926959,2.5518858,22.412458,1.5127003,14.518796,1.5726043,.3563118,.12100072,6.6631522,11.057578,3.0114439,.87200981,1.3853647,.48930684,.059240554,1.2990675,9.7112875,0,1440.0004
2003,35 to 44,500.49969,38.933929,2.9608476,.6950798,.0035233039,.020314118,40.675117,37.354534,5.4035149,4.7446628,9.9523706,5.5347509,3.4407141,.8763243,11.045227,.35009179,44.074398,5.6592479,1.7861608,.75829637,1.083055,.025316333,2.6775773,.044366229,.048362147,1.4390118,3.0633528,.014089344,259.40634,.88067144,2.2401509,1.7995666,.012091227,2.5907695,0,2.8462365,.011069193,.097697958,25.218643,.052421901,0,.00076346251,.070979655,.56123835,.023696898,2.4702196,1.1378716,.32121351,.14454518,0,.046458349,.12510033,.37043363,.044234361,0,.49829584,.0010812655,.11255103,.21902509,.040476132,0,0,62.861343,.26020136,0,34.910664,6.041306,176.13892,5.6872015,.29204163,.017039185,14.706518,2.4248023,.059682302,0,.021293493,8.0489378,.0175907,2.5391331,2.9160259,.25634199,.6170702,1.2343746,.16224328,1.4331069,3.4366844,1.8650321,.61228067,2.5315275,10.238958,3.853852,22.904278,.55407351,15.543912,2.0566056,.55673182,.2206403,6.7599688,9.2478762,2.5403652,1.2596424,1.3899621,.14343509,.15548545,2.1772118,6.6036162,.19425678,1440.0005
2004,35 to 44,495.16129,40.036839,4.969317,.50087696,0,0,39.164249,34.391991,5.908287,3.6966732,10.324278,5.2007084,4.0474415,.93097758,10.291837,.25801039,43.716488,4.783577,1.6729989,1.3807826,.97327048,.0032083276,3.1495054,.0038539798,.036754794,1.2012804,4.0938716,.014537125,270.06851,.5506475,1.4707637,1.6198879,0,4.4905977,0,3.5991278,.0079078646,.24615461,24.494419,0,0,0,.042969022,.58735615,.14490564,2.7003696,.79304564,.34934691,.14889775,0,.042581495,.057186764,.29506037,.0058147945,.0015893413,.37174144,.013103995,.064551368,.1535669,.15771487,0,0,63.796761,.21824336,0,33.618225,6.527689,177.21207,4.1812305,.068042018,0,15.874218,1.2697381,.040016361,0,.0039151465,6.1046486,.0018040604,1.7309673,3.2772894,.43299237,.62139469,1.24192,.1656221,1.1324322,3.4101002,1.6448684,.62610471,3.0985787,10.042465,4.8133826,22.757801,.96862733,15.486475,2.4244299,.4570775,.17602366,6.9342389,9.2897091,2.6967242,1.0907295,1.3324006,.18606167,.03438545,1.0304669,5.5894136,0,1439.9999
2005,35 to 44,502.25433,38.05146,6.3761344,.83376205,0,0,41.652256,34.559578,5.0701404,5.1590343,9.0975237,5.4568014,2.328881,1.3293116,10.644341,.028823905,42.5979,5.410841,1.2566326,.53739619,.67919677,.010527578,2.1422293,.10780639,.07600762,.80254626,3.7663736,0,267.71786,.88760537,.9274053,1.1124218,.22740358,3.1273503,0,2.9589531,.15021698,.0020215553,25.483866,.038456798,0,0,.052991632,.55095041,.11775126,2.6615076,1.100159,.34242174,.023688491,0,.1347874,.082141794,.47448459,.16051742,.022647727,.35176894,.028155437,.16266327,.039499521,.082448728,.0029624642,0,64.324242,.18988813,0,37.124859,4.0817561,174.90492,5.3064394,.042534973,0,14.750134,1.9325582,.010741781,0,.083997808,5.5532937,.0045606638,1.9963193,2.5877442,.52605379,.60078633,.87739938,.046783127,2.0144672,2.8038521,1.9321144,.70290011,1.9294207,10.012674,3.338675,23.849892,.57273388,15.416713,2.3588245,.64680064,.090547845,6.5738654,10.051562,1.9439262,.86904538,1.0974901,.17409229,.0437943,.86317116,8.5134754,0,1440.0002
2006,35 to 44,503.25189,39.417431,3.5560334,.47078949,0,0,39.69817,35.787605,6.1882305,2.6935945,10.627193,4.5953832,2.4559259,1.3666584,10.027121,.010650406,40.378498,6.0203528,1.9526873,1.2862182,.39668593,.012689597,2.6107063,.037096113,.095227659,.77222216,4.4972239,0,270.41608,.25456265,1.3455752,1.592589,.00072212971,3.823601,.092110232,4.1355958,.024346894,.0024326802,27.969007,.12371751,.0012184925,0,.095913827,.41867581,.040019311,1.5713458,.7718516,.39271089,.051385526,0,.12243326,.033198182,.4639101,.036596894,.011408436,.28760943,0,.19629131,.019316847,.0078059696,0,0,64.118263,.13628247,0,33.223721,5.7851663,173.13899,4.3849707,.043642089,0,13.890951,2.0494285,.06337776,0,0,6.2379575,0,1.4216038,2.8463545,.56330794,.42567658,1.3740118,0,1.6699715,2.9668882,1.3680969,.6013912,2.2368851,8.7980127,3.3210211,23.803579,.72590292,16.653131,2.0263455,.53138715,.12756799,6.7536922,10.7335,2.30092,1.1987276,2.1319356,.028162759,.024443569,.9047097,8.8816729,0,1440
2007,35 to 44,500.94806,37.935173,3.432266,.33036533,0,0,40.669796,36.000019,4.9781237,3.2856672,10.338003,4.7162709,1.7655185,.75572318,10.753514,.010995238,47.51997,5.0114522,1.4376801,.95496535,.53603017,.0019853909,1.770098,.08999227,.048905808,.39068809,3.6387703,0,270.28745,.9685663,.97574466,1.802669,0,3.483501,.020475565,3.1500037,0,0,23.14583,.059517499,0,0,.050293546,.44142103,0,2.1397803,.75249666,.39917624,.11410137,0,0,.10574084,.3322202,.0065639992,.13718265,.47674349,.031446803,.43505958,.058039408,0,0,0,63.355022,.17750677,0,35.454334,5.3322201,176.9415,5.3075299,.02437075,.015101096,16.396814,1.318043,.0039962912,0,.052391633,7.4216967,.038913459,1.466174,2.428606,.52582788,.40184861,.90341371,.040180102,1.8627533,2.8434582,1.4902786,.75472969,2.6391778,8.887126,3.6060729,23.191313,.51757979,14.065004,1.7244954,.40397522,.26757923,6.7175999,10.977928,2.2556276,1.2704613,1.2141285,.11840758,.060143072,1.3484993,9.4841032,0,1440.0002
2008,35 to 44,502.52139,37.991993,5.0298667,1.275775,.025997354,0,38.371681,36.442589,4.8179407,3.9650822,9.5862913,4.7329936,2.6987791,.53401184,12.222477,.16133209,44.541275,4.9905396,1.2687771,.97959661,.53874213,0,2.2963343,.048761938,.00701475,.20928463,3.4971418,.031007664,267.94727,.29049793,1.9577527,3.1323416,0,1.658633,0,3.1498473,0,.027859017,25.921452,.068524845,0,0,.033529803,.29128239,0,1.9027005,.69099796,.43072549,.043111045,0,.026989302,.026443357,.15778749,.088846654,.00091528287,.38391939,.010085007,.090085268,.51786029,.086333975,.00086835847,0,64.438858,.16953009,0,33.300549,4.2618761,177.70425,5.1362467,.094553508,.013413004,15.105242,2.7533455,.043462761,0,0,7.219059,0,2.423332,2.4248705,.14269198,.27092421,.79916143,.10082651,2.2532825,3.3142123,1.1014228,.4327687,1.9876325,9.7880173,3.8368943,22.729591,.52672178,15.394094,1.796922,.36613593,.14579542,6.5459428,8.2362728,2.9912775,1.2134045,1.2854319,.1237407,.051129024,1.985497,9.7682848,0,1439.9999
2009,35 to 44,504.36539,38.708256,2.7757332,.39853981,0,0,39.777802,37.454079,4.5558767,3.3871429,7.6115093,4.5025091,2.498327,.87380278,10.544201,.005964166,48.600986,5.9890342,1.5739764,.53461558,.48201787,.023659769,2.1209369,.0066290591,0,1.1865653,3.837445,0,252.83743,.43312025,1.5226401,3.3885438,0,2.0956306,.046069808,4.7887373,.027920516,0,23.290981,.042411409,0,0,.06236605,.50610948,0,3.706975,.76175129,.12260804,.011413657,0,.01715775,.077010296,.19651616,.0065773036,.020529084,.50264025,.09231092,.25000641,.0026982927,.063372493,.00086308987,0,63.185719,.2062785,0,33.884563,3.8578584,185.89684,4.2529473,.038696706,0,15.583097,1.5385025,.059588078,0,.0016921115,7.621675,0,3.2629657,2.2559524,.28726971,.36927927,.59448397,0,3.1637893,4.2804542,1.1663492,.97249627,2.5125151,10.084501,3.4821064,21.73173,.48936585,15.138089,1.3666788,.57746458,.20065507,7.3891506,8.6477852,2.5176077,1.144613,1.2972004,.29252976,.13537776,1.8376235,11.985121,0,1440.0001
2010,35 to 44,503.75916,39.485519,2.4569275,1.2475456,0,0,40.514988,38.859325,4.6109624,2.6438372,11.265577,5.8078966,2.544374,1.8314985,8.4643631,0,45.994194,6.3291073,.90196097,.39476681,.67147851,.17233899,1.5871136,0,.013404065,.26051584,4.5175157,0,250.20856,.42682767,1.6972644,4.9575758,0,2.3220329,.052815732,4.7373328,.27249536,.074235052,23.534824,.054404665,0,0,.072661527,.52545148,.17292647,2.2891684,1.010227,.43401495,.066633895,0,.0099733723,.031423204,.21128893,.0038484018,.016835451,.21695828,.0081475861,.39424875,.037964508,.0087383091,0,0,64.331314,.16693284,0,31.392189,4.9659405,179.08557,4.8270879,.076496623,0,16.654547,2.5518181,.030682353,0,0,8.2493782,0,1.2950072,3.0638511,.66644198,.49468222,.87380606,.031750642,1.7923945,2.9517393,.84460729,.81767619,2.1417217,9.8797235,2.8707905,22.639982,.82609832,15.621143,2.1774735,.24857593,.12931696,6.820919,8.240304,2.6284466,1.0844063,1.1603943,.32367343,.058097653,2.4394932,17.36228,0,1440
2011,35 to 44,505.86929,40.306904,3.3369477,.79090923,0,0,41.3382,39.803734,2.5401847,3.3521712,7.8384356,5.6287518,2.8890476,1.3500865,10.421313,.029389497,43.224293,6.9846554,1.3030322,.57866079,.63105321,.0037241906,2.7120838,.014757399,0,.41437829,5.2323728,0,249.08977,.68501878,1.9347669,2.097625,0,3.4114432,0,3.3408363,.11207066,.15705928,24.205631,.03111263,0,0,.020945542,.25517148,0,2.4185326,.84356666,.13426693,.097020239,0,.062733077,.037755646,.2027,.063982576,.014011481,.21246019,0,.47346532,.12199825,.015515303,.00071714295,0,64.523979,.29752558,0,33.290474,5.5532794,180.597,2.866616,.015919758,0,16.26738,2.5251541,.015041634,0,0,8.7172155,.011858588,1.7370895,2.4747393,.57493633,.23479903,.88976729,.12843698,1.9896419,3.8179564,1.0426311,.6031,2.632297,10.212071,3.619277,22.018427,.81573844,14.708493,1.6080053,.38071468,.12652808,5.964817,10.092737,2.4911208,1.5428514,1.1947989,.096250981,.16006149,1.545308,15.98141,0,1439.9999
2012,35 to 44,511.03769,38.058357,2.3552346,.5297575,0,0,41.268616,37.161423,3.7359459,2.6977761,6.9633942,5.2571397,2.2608881,.72936833,8.2777081,.15362814,44.880444,6.1077151,.87585115,.88211489,.6570484,0,2.0317159,.073435955,.39518064,.15505531,1.9951819,.020357903,262.63855,.24327165,.89962447,2.4272792,0,4.6764565,0,5.9463902,.06337145,.37452888,22.892738,.04172435,0,0,.019432792,.34243402,0,2.5275223,.86569434,.06845019,.054246295,0,.0057216031,.017520975,.19780557,.025321417,0,.21232161,0,.15387876,.21629541,0,0,0,64.972282,.14630881,0,34.523167,5.4703178,183.12587,3.1039026,.037879478,0,16.865097,1.802107,.01752945,0,0,6.7831364,0,1.9969057,2.731216,.60612178,.63179356,1.0689789,.070233233,1.1102394,3.2350361,.46620992,.9094159,2.300333,9.3412056,2.3431168,23.257229,1.6116452,14.369916,1.6594833,.30576691,.28896889,7.1627684,8.1450596,2.9157159,1.0726558,1.4588687,.056621268,.0029262833,.96021175,9.6021776,0,1439.9999
2013,35 to 44,511.49438,40.518234,3.5663218,.19054739,0,0,40.063087,41.451935,3.171999,2.3631883,7.1836572,4.4965277,2.4038837,.9574455,8.6048155,.0056145987,49.002594,6.8447161,1.2078552,.4241263,.65549076,.025892075,1.4098052,.058623943,0,.19063884,2.9637053,0,263.37729,.31745237,.57350773,2.8172784,0,1.5491148,0,3.5128567,0,.18621443,23.147028,0,0,0,.034087334,.1993293,.033168115,2.4923627,.84512937,.18914649,.14486757,0,.036891423,.036941852,.29204512,.001737277,.0033224092,.29207638,.037145022,.41745284,0,.040090572,0,0,63.389168,.1802274,0,35.984547,3.9277875,176.27292,4.9733315,.053205051,.03993522,13.822853,1.3089819,.013000946,0,0,7.4351244,.0074376306,1.3597524,1.8361686,.22334042,.62492162,1.2436696,.0033490947,1.2893804,2.6432865,.80452186,.70861125,2.4312687,10.974818,3.1715357,22.170946,.30789486,15.268976,2.0018573,.26775104,.073456816,6.3064604,8.4281559,2.3499365,1.1524564,1.0630372,.16256844,.1116375,1.8564893,13.923618,0,1439.9996
2014,35 to 44,504.91965,40.914768,2.0137043,.26977411,0,0,37.747997,40.493755,3.883167,2.7056313,9.9069147,5.4972944,5.347445,.516469,7.0542173,.038734533,48.76646,6.3588037,2.0856538,1.6108408,.57618505,0,2.0631952,.027083579,0,1.6079735,2.7470946,0,271.80292,.37573656,.76554388,3.6471305,0,2.126487,0,4.5224347,.088834353,.22879381,21.52599,.018437605,0,.001598641,.056102019,.24249762,.061868299,1.5044117,.65489727,.13605095,.075245395,0,.050021674,.022559889,.25080612,0,0,.54810244,0,.16195004,.33898839,.062132675,0,0,61.218555,.1948878,0,33.61861,5.286912,171.62102,4.3476763,.19304745,0,15.954522,3.2987061,.019906156,0,0,6.8900599,0,2.1855853,2.0524039,.3589572,.99929768,1.301759,.029685751,1.6981348,2.9238098,1.368076,.66208202,1.7444326,11.037507,3.2336643,22.960945,.8903563,14.031713,1.5496455,.32870394,.26834145,5.0921569,8.9009485,2.8516052,1.3946183,1.3186651,.22163959,.015691679,1.333304,10.180022,0,1440.0002
2015,35 to 44,520.36365,40.279041,2.586535,.97070497,0,0,35.31847,43.075535,3.2516446,3.4819069,7.4722815,4.4282942,1.9442469,1.1441413,8.9048271,.13667217,50.063957,6.3782392,1.0180329,.79906845,.93405533,0,1.9398546,.071538545,0,.3548862,2.5828931,0,268.67535,.11352465,1.9891396,1.7372227,.038017582,.83411837,0,4.2349472,0,0,22.697378,.025375161,0,0,.19265412,.21538068,0,2.4902046,1.6751741,.092441179,.056116447,0,.014654344,.17255154,.30732206,.0089998618,.0093903374,.40747404,.0086633926,.21735151,.38605607,.04833173,.010643853,0,62.057232,.12981154,0,30.102026,6.8093009,167.914,5.1893225,.0427678,0,17.395027,1.1036416,.13300969,0,0,6.9182706,0,1.3601928,2.2330685,1.2175716,.69817662,.93794906,.024368148,.96642154,2.9189866,.73573041,1.1369406,3.302249,10.822375,3.2405632,21.376863,.20406368,13.839089,1.9867145,.32233506,.22858389,5.9312019,8.898613,2.4383721,.86410749,.78332794,.21825287,.013246735,2.5828376,8.7644081,0,1440.0004
2016,35 to 44,509.79019,40.123051,1.6879042,1.1141418,0,0,38.0028,41.584763,3.3862689,2.201993,8.6734962,5.6345377,2.1838627,.67101526,9.7876463,.63410628,50.384331,5.7303267,1.2163787,.94348145,.66325098,0,2.2229495,.03006617,.0357606,.32657829,2.964071,0,280.73557,.037160829,.48352116,.47189754,0,2.2391958,0,3.5657272,.025822788,.015879188,22.29756,.016752863,0,0,.086296,.35388416,.062580377,1.4117101,.92548913,.39839822,.11609488,0,.013839651,.038321715,.14988154,.014048427,0,.33217525,.0049535749,.094108231,.18711063,.15137272,0,.0099800928,62.187805,.19065018,0,32.353825,4.4613256,168.13663,3.8428366,.040589456,0,16.7055,1.4775263,.033755053,0,.0063094217,7.6164422,0,1.8912145,2.3824611,.14642051,.60251439,.53580558,.011941028,1.0494218,3.3930426,.91231215,1.0166196,3.0335336,10.746915,2.5838459,22.524126,.26021069,13.915448,1.7789412,.44341621,.19299762,6.598156,9.0587254,2.3443053,1.1144241,.88570595,.7945919,.20040584,1.1444491,9.1525669,0,1440.0006
2017,35 to 44,514.2326,39.959881,1.412299,.7043016,0,0,33.1031,40.423798,2.9727046,2.3449399,6.5048046,5.365284,2.1026719,.80221498,8.1855831,.063981049,49.756462,5.5777144,1.9048437,1.1816192,1.0440539,0,.96440744,.066354923,.0024012257,.67024732,3.3461607,.0037576542,282.82693,.48758751,1.4767845,.79205596,0,2.0468521,0,4.0809202,.077947952,.0074659251,20.571253,.11518621,0,0,.020962598,.51173699,0,1.6771203,1.3565068,.24709192,.20830815,0,.024249453,.048087057,.11658069,.016623115,.0038689869,.48785436,.0066928947,.041196469,.029818492,0,0,0,63.466084,.24209319,0,31.377714,4.8937087,168.18633,4.6084929,.094446748,.079034023,15.348632,1.7649353,.066785023,.0015569751,0,7.1237569,.21098456,1.531086,3.2578492,.32391715,.12875117,.68931341,.048592076,1.5992204,3.1953037,.63017595,.90377104,1.9291799,11.143886,2.5226288,27.598751,.36095873,13.54383,1.6676477,.40230772,.025695698,6.3638368,7.835834,2.7420306,1.1028845,1.4800767,.033968724,.081556246,1.8443712,9.5721121,0,1440
2003,45 to 54,490.33853,40.637772,6.6210942,.88955063,0,0,39.332806,32.450314,7.4388127,4.3149991,14.360642,5.9846826,2.8003826,.83977234,12.446751,.31727117,11.301218,2.3010194,.55450779,1.386571,1.9250127,.0037593094,6.4196906,.049227864,.074306399,2.0682623,4.9285164,.13636728,267.44363,1.1399699,1.2110776,1.5131994,.012452519,1.6927829,0,1.3789495,.078602985,.0059041348,23.908585,.083028659,0,0,.011761358,.68050814,.096633486,3.3433211,1.1513028,.344356,.10527504,0,.022373058,.075739242,.28268611,.094341584,.017895384,.43418717,.025717339,.1026403,.070297249,.074052341,0,0,64.419357,.25314865,.0021167703,37.293007,5.1173978,203.49648,4.8977761,.22935219,.088841245,13.242876,2.2871337,.07046207,.00054067047,.03061093,7.9836464,.024725771,2.9355369,2.4002211,.62813598,.60466737,1.4824957,.18996565,1.4812205,4.7897258,1.6960047,1.0071074,2.2140477,5.632762,4.7031775,23.91256,.41149852,16.019447,2.7763159,.67524135,.11594909,7.1890869,9.4120865,2.2652218,1.2696437,1.2862407,.057716623,.10028802,2.2394776,7.306778,.43680364,1440.0004
2004,45 to 54,490.39493,41.917511,7.4141541,.29375765,0,0,39.362701,34.552917,9.7912989,5.1374102,12.916798,5.1931057,3.4484677,1.3465108,12.337226,.50825751,12.53249,2.4945984,.40897241,2.9060268,.98789662,.011787195,4.8386245,.012294626,.79232991,2.0236845,5.7034531,.010220367,264.22476,.50668508,.72839922,.65861541,.057846535,3.3100743,0,2.7367713,.0012585759,0,24.711134,.037970845,.016436975,0,.012724756,.54161704,.070149705,3.7258279,1.7709837,.25480101,.25223473,0,.029201884,.068217553,.37167501,.012223083,.0069332714,.74374044,.0091639291,.072791666,.027139761,.10012711,0,0,66.882088,.12777835,0,33.157475,6.2183757,199.15961,6.1746101,.18692231,.039007399,14.536636,1.592545,.014671586,0,0,6.6303988,.020226935,2.9731808,2.4139111,1.0324365,.53430074,1.5536063,.33987242,2.0749955,4.5013022,1.779772,1.0471497,2.1481295,4.894093,4.2393894,21.70849,.62271035,16.482851,3.0737944,.605627,.23971032,7.8086019,10.040908,2.1476505,1.1874529,1.2758914,.085087605,.27886346,2.0769653,5.6960034,0,1440
2005,45 to 54,492.03571,40.06102,5.985158,2.1369216,0,0,39.044891,33.490932,6.5189905,5.7166209,15.441309,7.2230535,3.9455414,1.2320802,15.524271,.10008252,11.817719,2.3792162,.66913271,.90027267,1.483438,0,4.644979,.015599812,.00022142942,1.3674957,3.5715635,0,276.02939,.97174227,1.8805391,1.8070787,0,2.5465662,0,1.9423083,0,0,22.209267,.18364108,0,0,.0014071001,.4919484,.026479425,2.6517861,1.0740474,.20994376,.24387845,0,.037683681,.082636811,.24979864,0,.050534252,.50905317,.099851139,.51461595,.020227246,.11610889,0,.00080283376,66.710266,.14403221,0,34.233662,3.3980839,199.27531,5.2597089,.14202844,0,14.602383,1.4652908,0,0,0,7.1383142,.0010623381,2.8172259,2.5003724,.20577644,.68870664,1.1463628,.11327947,1.3447564,3.4114244,1.6406132,1.0538536,2.4498184,5.6678843,3.9863496,22.923561,.40510252,14.399909,2.2712374,.30830258,.30711913,7.3710647,11.046372,1.9654292,1.2382315,1.0782779,.13055629,.026034847,.60328913,7.2714152,0,1440.0001
2006,45 to 54,497.97314,40.109573,6.8022275,.38732755,0,0,37.665321,33.53067,6.0535908,4.1496334,13.405433,8.4062576,2.9285645,1.6083764,11.513931,.23289762,12.109773,2.3931003,.31518444,.93516928,.91879982,0,4.1440611,.11546033,.031787403,.53744596,5.2098646,0,277.00089,.52515185,1.1222697,2.3636527,0,2.2373228,0,2.9268391,.010754936,.042726099,24.205446,.070798606,0,0,.00048790505,.41062045,.18164122,2.7251832,1.2080575,.50749034,.15814883,0,.021138106,.031990293,.23956186,.025021702,.054208528,.57612425,0,.19828871,.0099664666,.043676145,0,0,63.562275,.14027581,0,38.235699,4.5542974,195.86795,4.2772703,.1056747,.043331809,14.445147,1.5452522,.0078421617,0,0,5.8072128,0,2.266777,1.840338,.39065713,.79940486,1.1117973,.10289297,2.8723114,4.5298896,1.76989,.89756912,2.0322044,4.9118638,4.3635144,22.852764,.44626412,15.219522,2.6522467,.68833268,.10979453,6.2803154,10.371804,2.0000639,1.1931673,.96255237,.092989504,.021559523,1.6056085,10.616186,.030451769,1440.0001
2007,45 to 54,494.2117,41.088154,4.9816799,.31043223,0,0,42.98777,34.293663,7.4895544,4.4668279,13.039906,7.2017908,1.6458126,1.3650674,12.808327,.010024888,12.344679,1.7950428,.38985682,1.9602669,.79643983,.0019276314,4.2460394,.076978527,.050020166,.47169062,2.9058239,0,273.81918,.12508923,1.542966,.7097044,0,1.5127754,0,2.7060287,.0034088329,0,23.867004,.11563009,0,0,.0099887839,.55075502,.01472033,2.8358805,1.6523162,.24556217,.085125357,0,.05540245,.033682551,.28853005,.027395925,.2878561,.45676026,.023306174,.16242795,.057097703,.00081233395,0,0,65.620102,.14032517,0,34.265965,5.9628296,199.83977,5.2947989,.0083781146,0,14.688858,2.2223961,.0028218718,0,0,8.9810438,.0071049132,2.0468221,3.1805494,.35141397,.22924264,1.025466,.087803952,2.4326,3.8957007,1.5388331,1.2577847,2.571933,5.0358257,3.1416759,21.960361,.34929064,15.048424,2.3752301,.39553979,.10794917,6.8342185,11.012074,2.3228104,1.0768811,1.3854538,.087249003,.094590001,1.3164638,9.6745338,0,1440.0001
2008,45 to 54,496.48688,40.337963,7.4932117,1.2449125,0,.0038118269,36.385357,33.818005,6.6526847,3.351141,13.720428,5.3845744,3.0949914,.88491023,12.740314,.13169745,13.990946,3.0179794,.42252389,.83370507,.7896046,0,4.8973355,.071751326,.092260294,.87613142,3.8887267,.0094347484,271.13663,1.167206,1.1655425,2.4473524,0,1.3415446,0,3.4281623,.0041278247,0,21.27046,.053880583,0,0,.025034983,.46092716,.0094411634,3.2257924,.93308622,.16007228,.046306558,0,0,.08840438,.22232002,.021982573,.23331001,.20734495,.083037727,.15054132,.077318802,.021476559,0,0,64.616898,.14448856,0,31.258179,3.5660207,213.47812,3.7942553,.017531713,0,14.849389,1.9485167,.10585181,0,0,9.087039,0,2.211395,2.0913458,1.6611789,.40885535,.87135822,.55750477,2.4840717,4.6517768,1.5215708,.98374528,2.2492189,4.9805675,3.4370806,21.062384,.47287062,14.722898,3.1232367,.39047557,.33573222,6.3724437,8.8202114,2.285162,1.2533398,1.2022458,.12228335,.019601114,1.0625474,9.1760101,0,1440.0004
2009,45 to 54,497.65952,40.039749,6.4091172,.69039333,0,0,38.523987,35.538723,6.062129,4.1866755,12.656477,7.1722641,3.0245752,1.0905803,13.904328,.0062645134,12.477424,2.3337905,.46311754,2.0866017,.83133525,0,4.1976094,.26317868,.12748879,.49995384,4.1141915,0,252.59052,.53358448,.895311,4.2035241,0,1.4876491,0,1.9134994,.19385195,0,23.048721,.079624303,0,0,.023006383,.82847583,.047918573,3.8115258,.6840778,.080041289,.19564563,0,.013761388,.032064699,.33351973,.0055780779,0,.47449407,0,.33781126,.033162072,.061250065,.0022319651,.061300844,65.260368,.14950874,0,37.483082,3.6221793,213.02251,4.6934953,.089342006,.024695022,16.35305,1.3952143,.021475779,0,.0030761319,8.8553152,.0054234373,3.4201181,2.844923,.52888256,.46894947,2.0132854,.047860723,1.3699712,4.5513639,1.1384771,.68359315,3.1348288,4.9367113,3.7398524,20.834789,.20569453,15.385266,2.6805077,.47154528,.14998646,6.868629,10.566472,2.3573093,1.3540386,1.2990092,.18166299,.0019486512,1.2954854,10.158494,0,1440.0004
2010,45 to 54,495.45178,40.27845,3.6422102,.45404965,0,0,38.489212,35.576054,3.6182659,4.8344817,14.909039,7.4120669,2.2255313,1.6225791,13.47982,0,12.682076,2.1651874,.29717463,1.3566188,.94772696,0,5.7634816,.1785724,.14049789,1.4656657,4.63061,0,254.31703,.5381394,2.6193819,3.2811747,0,1.8529427,0,3.4788818,.069883749,.0028904246,22.743271,.013770778,0,0,.028557438,.39052641,0,2.6801429,1.1950713,.16010965,.16119052,0,.085707352,.024740245,.51952136,.023770614,.066255666,.3571133,0,.16024733,.22451672,.029248638,.00051383255,0,66.191254,.1288088,0,35.694183,4.2856426,209.13966,3.8860898,.028133554,0,14.355942,1.2568083,.037197523,0,0,10.577048,0,1.9884686,2.0584736,.38562924,.31038278,1.3508936,.12462854,2.4918146,4.4494286,.76525354,1.3196205,3.3448393,5.3134589,4.1395345,21.672817,.41310763,12.848063,1.944814,.72706819,.18921055,6.9761124,8.8483877,1.7988319,1.3900219,.94985205,.093358681,.031255286,2.5584123,19.289738,0,1440
2011,45 to 54,502.48145,41.252296,4.4597869,.49289811,0,0,35.022377,36.995487,4.2998633,4.4637251,14.798757,6.6191235,2.767251,1.3922216,10.250848,.34282461,12.993222,3.1374142,.51681066,2.1060588,1.4878236,0,5.7189593,.13185401,.4070048,.93398941,4.6779785,0,249.29428,.42434904,3.2490108,5.062305,0,1.623854,0,2.4792919,.0227612,.094985597,24.118986,.02197442,0,0,.17237538,.39444202,.11075653,3.814327,.83357209,.47407627,.055896398,0,0,.030349538,.22002418,.03588634,.029462136,.37242582,.13495377,.099658601,.23216262,.031797782,0,0,65.432961,.12937094,0,31.200056,3.6773908,213.52005,6.1728082,.045019373,0,12.872709,1.1424257,.042955197,0,0,9.0251398,0,2.1353691,2.6416826,.35945851,.47594708,1.1041313,.15213847,1.422394,3.8765068,.81988531,1.5693803,3.2435722,5.9534941,3.5707722,22.093534,.23459218,15.974352,2.5475194,.46800691,.11401078,6.1357288,10.73648,1.707441,1.4224472,1.5934898,.10838524,.46507725,1.7510638,12.878267,0,1440.0002
2012,45 to 54,505.15704,41.26194,4.1589508,.42779428,0,0,39.01453,33.537453,3.9854989,3.207639,12.561763,6.9038515,1.6438991,.99964917,9.708643,.01011228,13.368549,3.1971908,.69372749,.5158267,.66838098,0,4.0380154,.022109542,.21065129,.6139273,3.3427813,0,267.02988,.5165807,1.7431799,2.3372931,0,.96838355,0,2.1686635,.008486704,.0085483454,20.372831,.091988236,0,0,.0099373804,.53809327,0,3.0351295,.76655293,.17556556,.057623941,0,.021843383,.041256875,.050401054,.11044859,.077164173,.29944959,.037002377,.052588534,.11179334,.064430222,0,0,65.246315,.054497808,0,34.088943,5.0542607,216.75287,4.1377625,.0056865839,0,14.964967,1.8742863,.025202399,0,.037391096,8.6583939,0,1.7757295,1.8381723,.21153465,.43956694,1.1872715,.024715034,2.6221015,3.4801514,.95185876,.87581009,2.8916039,5.0253406,3.7428927,23.366377,.16643485,13.908895,1.9505302,.31071755,.035174612,6.3623219,9.743741,2.1782961,1.4753021,1.1285037,.22181909,.1065512,2.1993475,10.933636,0,1440
2013,45 to 54,510.34293,41.494091,6.5245843,.26811075,0,0,40.430573,37.50079,4.0453873,3.3415873,11.788799,7.508256,2.4678724,.81761533,10.188228,.087147765,13.573854,3.7783949,.70305908,1.9523423,.76243228,0,3.8285928,.10970437,.20967378,.6603992,4.2417679,0,253.9769,.32564777,1.2886221,1.7854959,0,.24880566,0,3.0711596,.016317157,.060149275,22.919886,.042187184,0,0,.013958786,.31900302,0,2.3546684,.64127427,.41862348,.23611228,0,0,.034512348,.28369358,.058633547,.019549096,.68245459,0,.10872163,0,.09251339,0,0,63.657066,.22056288,0,34.933529,3.7903516,208.74103,4.535018,0,0,13.007495,2.0976138,.053942453,0,0,8.359828,.033188686,1.8111131,2.1319902,.27582544,1.0007843,1.2602711,.12549458,2.4196641,3.9038608,.78777784,1.0391574,2.9002278,7.1304712,4.2159762,21.951033,.10563099,15.081572,1.8837997,.30847597,.26692921,5.8437085,8.974288,2.7881033,1.1275405,1.0942127,.30810669,.14203006,1.9696879,14.097564,0,1440
2014,45 to 54,514.22406,41.024288,4.8942261,.40609252,0,0,33.924675,38.166557,5.2523775,3.5186417,13.360541,8.5048399,4.0825324,.46030092,9.8151522,0,11.843478,2.6827719,.70473742,2.6482158,.68444902,0,4.8414779,.027712017,0,.56123912,3.8159528,0,255.31314,.54247999,.83196217,2.6590564,.0043128338,1.3260403,0,1.6917355,.034905449,0,23.154835,.0068285372,0,0,.0023441166,.19418462,0,3.4488788,1.195062,.33111897,.013749979,0,.058867853,.035227191,.35368624,.0028563747,.009783973,.75626564,.01438344,.13631248,.17108369,.12705979,0,.13771911,64.738792,.20430528,0,36.891094,2.7545474,213.86728,4.1059055,.051590923,0,14.365642,1.35304,.0088216411,0,.051956218,7.4868817,0,1.9109327,2.5530968,.35939085,.29819235,.92643285,.063857391,1.9839784,4.0851874,.79470354,.55678374,2.6187515,5.5605555,3.0633383,20.832186,.24480289,14.176907,2.042697,.72257012,.27558708,5.97823,8.6627474,2.6120069,1.0148127,1.3651203,.2050771,.033064831,2.086611,11.094334,0,1440.0001
2015,45 to 54,501.67789,40.153103,6.7491736,.21291119,0,0,38.723686,37.684349,4.9083204,5.5441017,11.782572,8.4852142,2.6533291,1.4139327,10.569924,0,12.620834,2.6776674,.26336306,.72205949,.73591042,0,4.3931546,.15542284,.0072898739,2.1076756,4.0065904,0,261.84021,.27044868,1.0218807,1.6525242,0,1.6934544,.050515175,3.0140238,.010101869,.042214487,23.318947,.036434907,0,0,.0030819741,.20503084,.043621954,3.9439454,1.5571158,.24808578,.2005849,0,0,.075853303,.64286572,.023435172,0,.76850694,.0094145555,.16786848,.041378148,.027180027,0,0,61.35915,.24673291,0,39.93573,3.8023667,205.4624,4.1081209,.014508184,0,15.052312,1.3907313,.0070106611,0,.00062145526,8.8519382,0,3.302685,2.8456719,.42053038,.80014056,.79279262,0,1.4720962,3.3656456,.76804274,.98097873,3.1469831,5.5898104,3.8757477,22.346159,.24385968,14.533603,2.7653935,.70318174,.11555247,7.5819635,9.9727688,2.0657568,1.5365498,1.2125642,.25996876,.20606925,1.2585359,8.4481449,0,1440
2016,45 to 54,506.86246,42.313828,2.6540897,.48622569,0,0,35.649616,37.864594,4.6146488,2.2553165,12.426788,9.0615044,2.347646,.98131096,11.921279,1.1685451,17.474024,3.6284864,.39805791,1.3831536,1.0590991,0,2.3338592,.054278735,0,.53587765,3.859987,.014560455,262.16107,.344603,2.2080359,1.8239748,0,2.4054708,0,2.0167046,0,.0067956112,22.403484,0,0,0,.011000734,.38138577,.1061561,3.8672822,.71595913,.31249329,.38885471,0,.040949672,.036883608,.51475036,.17165299,0,.44737256,0,.12819643,.035177559,.33559787,0,0,60.076485,.14388202,0,35.798401,3.1457524,204.53285,3.440757,.11363319,0,14.237649,2.2718172,.011507295,0,.08097402,10.314658,.030201867,2.7550123,1.3532952,.35931036,.37977958,.27200198,.38576743,2.0460954,4.4034953,1.2961693,1.4708856,2.5302703,7.1455722,3.3209894,22.128197,.44603226,16.306065,2.4762146,.56055397,.15169199,6.4865727,8.6877804,2.937191,1.2841257,.95888662,.20223142,.067613073,3.1000574,10.076472,0,1439.9999
2017,45 to 54,509.83408,42.463997,5.3843613,.58302188,0,0,36.697899,39.77026,2.7190056,2.5751951,12.119146,9.1699715,3.738713,.33269852,9.9261751,.44428536,16.357117,2.209296,.72667134,1.5361766,.95809698,0,2.3400011,.059068464,.015903598,.14820194,5.0491247,0,269.83655,.094127372,1.17466,1.8591591,0,.8175177,0,1.5436867,0,.10493689,19.991682,.1164351,0,0,.022756923,.37521926,0,2.529114,1.1486607,.42745915,.10238846,0,.0026850076,.045219429,.38715419,0,.00098029105,.78997463,0,.13431549,.0043009538,.11304982,0,0,61.749981,.20794673,0,28.939779,3.3460469,210.73651,3.2261057,.1200794,0,13.186369,1.7928283,.023576971,0,0,8.2042103,.094655789,2.4199736,3.2446041,.32682088,.97779953,.5541206,0,2.0275047,3.5944812,.93914717,1.1712872,3.2280138,6.467813,3.0770359,25.299631,.11013386,14.41147,1.9649293,.54484934,.072270997,6.2974272,9.4827261,2.2253253,1.317345,1.0261039,.42481968,.1432305,1.4186877,8.8238535,0,1439.9998
2003,55 to 64,501.47455,40.974422,6.0249128,.66726339,0,0,38.174015,35.970112,8.085516,8.7880831,18.748531,6.0435319,3.7492411,.87027436,16.130619,.82967234,2.7035868,.23134747,.0095671434,2.8071222,1.1740575,0,9.1851158,.2944437,.23751444,3.4357758,5.0498452,.077693202,201.31854,1.3422214,1.0559542,.72007692,.0030353458,.60537374,0,.7071963,.038717303,.040269602,25.015596,.24042039,0,.0019800712,0,.77108133,.048891325,4.1904364,1.6470642,.40946889,.17359358,0,.017599517,.18306531,1.608668,.0041841706,.018068103,.77999622,0,.041675471,.19956861,.0047745788,0,0,72.013557,.19315794,0,37.795696,4.9947233,240.52496,5.9094114,.11018531,.024566673,15.34234,1.3293912,.083122253,.0022248803,.014605287,10.54914,.046256129,2.5841184,1.5231922,.58084089,.61195248,1.4230243,.085734375,1.6996272,4.8685479,2.1993175,.9819243,2.2421532,1.9036839,5.9719524,16.830606,.045431733,14.988364,3.1460748,.82171422,.053592041,7.9639421,10.09337,2.2812364,2.0772331,1.0182992,.020513272,.061240748,3.5625262,8.371192,.13091086,1439.9998
2004,55 to 64,497.89294,40.456024,7.884469,.50298983,0,.0045354115,38.558758,35.883579,8.011673,5.1255908,19.652908,5.3811297,2.962662,2.4996541,14.563776,.82870704,3.3700721,.56105912,.11003046,3.0591917,.951213,.023402018,9.6376839,.21012351,.10824084,2.2031434,5.3349061,.68306136,196.41713,.41002101,1.495622,1.4208491,0,1.7926614,.15188546,.70338309,0,0,27.261736,.054295387,0,0,.00093556987,.76378649,.044842608,2.707083,1.4317945,.21359634,.18485132,0,.0046783779,.12592584,.74257767,0,.0084538897,.36172593,.056848127,.079854637,.36922631,.030352803,0,0,73.267632,.28039005,.0025083309,37.444641,5.8829942,254.42145,6.0680799,.027530449,.0043633291,13.953516,1.7891513,.014851175,0,.018219542,7.7829299,0,3.1920836,1.6975862,.57364976,.37817046,2.0855682,.049584497,1.4856791,4.6643481,1.7753009,.80015743,2.7778351,2.4350464,5.0516052,15.720663,.40994936,15.920383,2.5377407,.45668474,.18183908,8.1882362,11.486526,1.9744245,1.4480247,1.2849337,.10536899,.015162424,1.3860623,7.6634979,0,1440.0001
2005,55 to 64,496.75168,39.193619,11.003862,.33064678,0,0,40.022758,33.819798,8.8618279,5.4028788,22.262022,6.9872355,2.8574939,1.7828212,14.020103,.40978688,3.1365218,.50646406,.0015821619,2.566385,.77701318,0,10.16293,.25201008,.11851005,.64591467,5.3807673,0,202.18935,.42773306,1.1357425,.37780303,0,1.2141511,0,1.9286585,0,.056660403,24.470251,0,0,0,0,.544168,.041410033,3.9554427,.61734724,.035126686,.12329524,0,.014260112,1.2818691,.29894006,.098915651,0,.47643244,0,.11252698,0,0,0,0,76.022797,.1603934,0,36.508736,5.6314139,248.42874,5.4682231,.095759362,.023167454,14.380783,1.1121669,.046980932,0,0,8.971303,0,3.0323908,.95160013,.17310716,.56924099,1.1688662,.16732448,1.0735543,4.9330859,2.1475899,1.3120022,2.3802345,2.1561496,4.8474717,17.993084,.25391769,16.17897,2.0737782,.59018379,.018780181,8.0466385,10.621785,2.3714838,2.054493,.98860645,.095096476,.039474413,.50375068,9.752162,0,1440.0002
2006,55 to 64,503.89401,38.949444,8.0229511,.20556687,0,0,37.879467,36.098942,6.3846846,3.9552341,19.274483,6.5167632,3.0578432,1.1739188,14.088241,.39604729,3.548275,.2704097,.18184528,2.1464286,1.51048,0,8.0293055,.042415861,.11145064,.82981849,3.7033758,0,208.92758,.2949636,.99203694,.87225723,0,1.1569828,0,1.0422721,0,0,24.545681,0,0,0,.0059260596,.66639012,.012669868,4.8986683,1.1163564,.28759143,.02408056,0,.006351898,.069023728,.59303564,.0050063417,.0062983055,.23050839,0,1.3577231,.33776984,.075522333,0,0,71.379524,.16386628,0,38.721653,3.7832978,248.80667,4.5200949,.085794128,0,13.362326,1.2562784,.041264813,0,.10579765,9.069478,0,2.2790661,1.5285537,1.4281324,.42067686,1.3463622,.14962822,2.7039964,3.8933642,2.2724712,.60329103,2.5802891,2.0240259,4.1793575,16.855772,.23750682,16.696854,3.1629488,.31869769,.56054705,7.0243754,11.983301,2.0883346,2.302969,1.9117202,.084556513,.053675041,.99836737,11.219031,0,1440.0001
2007,55 to 64,495.44296,38.930466,6.3961296,.53442365,0,0,46.240269,35.699215,6.8338823,5.0529885,20.134504,8.5767155,3.0586727,2.1909573,16.680733,.13748088,2.8237376,.53582025,.10651129,3.3275299,.74802995,0,7.6300511,.019517319,.037813399,2.1286762,4.7826185,0,199.82457,.63044834,.51370686,1.3201668,0,.84383005,0,.84125471,.0097662006,.015666263,29.426331,0,0,0,.0035325955,.79312581,.033356495,4.1825371,1.5548594,.22763173,.068688363,0,.024818964,.075953819,.24295257,.040845536,0,.36179301,.006240272,.34287801,.19562477,.029010737,0,0,71.478928,.14061071,0,33.031925,2.8861108,248.19016,5.3790946,.019295882,0,15.670029,1.3678027,0,0,.022510586,10.684935,0,3.2626786,1.5375828,2.0669892,.81604552,2.4843166,.11609895,2.4132001,4.6021376,1.6040173,1.1863821,4.1337228,2.2155755,4.7629342,15.67787,.20917143,16.213421,2.9647439,.61997944,.16271643,6.4796481,11.991026,1.6250494,1.6690905,1.6008821,.10070506,.01838292,1.0736061,9.8613482,0,1440.0001
2008,55 to 64,495.8219,40.022888,5.3963976,.50070542,0,0,36.394077,35.392567,5.4013052,4.838026,19.133663,7.8293343,2.6130378,.88532478,15.647129,.2278275,3.6447015,.74697316,.24574754,3.8705497,1.1340261,0,12.000577,.19141603,.17641731,1.4606677,5.2043214,0,193.64789,.99386936,.74719936,1.1235906,0,1.0304759,0,.40485159,.011190627,0,25.007675,.022090271,0,0,.0038672169,.60158724,.13962412,4.6244011,1.3442574,.29389322,.033961765,0,.048870362,.095844544,.30217859,.021266408,.0033443081,.1354495,0,.092564665,.032503966,.14211783,.0093107289,0,71.718788,.14305031,0,39.255283,3.2450824,266.77621,3.7063854,.023686387,.011657461,14.024094,.73757958,.057496578,0,0,10.137688,0,2.7798467,3.1528301,1.2856895,.28410223,.94182009,.15923576,2.6560612,5.7259836,1.3537393,1.3953764,2.3660092,2.0914443,4.7699571,15.626912,.34847385,15.945416,2.7299478,.27742377,.17216006,8.25212,10.448845,1.4851347,1.5632765,1.5371983,.016813809,.054676432,1.0529625,11.996072,0,1439.9999
2009,55 to 64,506.02588,40.373219,7.4468226,.52288491,.0071622506,0,40.125687,36.084419,6.1574879,6.039916,19.210163,7.2178054,2.1012745,1.0723075,14.225798,.16210684,3.8142231,.34927282,.04383789,.72647691,.77747136,0,7.0506558,.078890808,.12669975,.63662362,4.5406981,.007950577,200.2028,.32520074,1.8609325,2.2768216,.045807716,.72309345,0,.50117368,0,.4726015,26.192377,.047437347,0,0,.0082577569,.45487866,0,4.354826,1.1097518,.076789632,.044814952,0,0,.057706013,.66217744,.039006837,.011223682,.74712116,.018138541,.41606924,.017909331,.02582667,0,0,71.236176,.16636099,0,33.86047,2.9511151,260.24692,3.6018589,.060199622,0,13.864613,1.278428,0,0,.0045622089,10.600731,0,2.5155017,1.5082122,.3267608,.46638295,1.4888827,.59240037,2.5656826,5.1449142,1.5520562,.33064765,2.9570134,1.5944408,4.3968511,18.191072,.23736636,14.798595,2.9192097,.68240756,.20615111,6.2597241,8.7858467,2.0393786,1.4282358,1.0517766,.49221373,.033193965,1.1655322,12.779626,0,1440
2010,55 to 64,510.14832,39.273022,11.648177,.57193655,.019185435,0,35.065086,37.75024,5.275785,5.2101502,19.443708,7.4897075,1.2330385,.81792074,14.863495,.12491105,2.9445679,.3436113,.10340205,1.6214125,.59205866,0,5.7295794,.21000537,.23516089,1.0463696,4.4772658,0,204.92247,.30110782,3.4071755,3.1413577,0,.86608392,0,2.3118689,0,.014772848,24.287523,.15981916,0,0,.01976772,.45367697,.097693406,3.8702452,.76181668,.075071275,.092418805,0,.12000597,.059251152,.41242272,.027106348,0,1.0253946,0,.30188867,.047935504,.027008476,0,0,70.683548,.19591798,0,32.364407,3.1488719,245.49849,4.1979733,.064065129,0,15.413761,.99213314,0,0,.041863069,10.744678,.044225492,2.4859071,2.7368097,.6562199,.69115961,1.180395,.016523097,1.8788199,5.1546173,1.0375835,.81959051,2.9104774,1.8094945,4.2781801,18.850134,.12127388,15.791989,2.3398454,.58502567,.08550483,7.0184236,11.087584,1.8170961,1.5861963,1.0011516,.10890838,.11835613,1.5108368,15.889968,0,1440.0002
2011,55 to 64,508.09595,42.361851,6.4875021,0,0,0,37.237103,35.900703,5.0477471,4.3628516,16.187071,6.8930264,4.4283762,1.0441171,13.581614,.060340021,2.9333708,.53481662,.026553091,2.6112175,.45485461,0,7.2199106,.19321926,.1625223,1.2299834,3.6802573,0,207.00854,.34010327,2.0487678,2.5226247,0,.67669231,0,.96444768,0,0,22.358711,.091514111,0,0,0,.38295579,.0013609584,2.2460628,.48289785,.19382669,.12342045,0,0,.02636438,.21855249,0,0,.65633363,.087418236,.096775085,.0076200929,.030806823,0,0,70.110802,.11504247,0,33.668774,4.7163067,260.44357,4.8184175,.030832363,0,15.01749,1.2838714,0,0,.010112607,9.8577328,0,1.8415495,1.9987432,.11461576,.40947559,.85421079,.4711653,2.8010957,5.7224412,.53161561,.95173198,2.3527138,2.0093319,3.9088159,17.747299,.12669723,14.420387,1.8419374,.42251992,.11273357,7.6943102,11.188488,1.8772622,1.642524,1.5553912,.075534679,.085365288,2.2983711,13.569952,0,1440.0001
2012,55 to 64,507.97995,39.31892,7.3986387,.38722092,0,0,40.261181,33.3689,4.7589598,5.6218553,15.836187,8.0833244,1.8336172,.91546643,14.995897,.082215987,2.9845862,.7236076,.043517049,2.1153226,.60539699,0,5.8135839,.14295237,.01081694,1.0419308,4.8519001,0,201.27649,.40071207,1.0630993,1.8460803,0,.82151401,.0017585895,1.0264859,.028333858,0,23.210819,.08472421,0,0,0,.71560532,0,5.3203101,1.0763196,.083378159,.40831345,0,.012503694,.069195062,.077034168,.018057885,.013586878,.64345324,0,.086262293,.32539597,.0472674,0,0,70.897499,.10799165,0,34.348267,3.9785862,265.5567,4.408699,.067184933,0,14.173043,.62604207,.0054749148,0,0,11.756251,0,2.1272914,2.2747989,.4442251,.92839891,1.3523494,.084070951,1.0752881,4.4673381,1.3220764,1.1350728,2.6018884,2.4163628,4.4653969,16.061016,.13525903,16.227594,3.1262705,.27671027,.09059573,7.3174663,10.781856,1.474581,1.9475769,.95605618,.14749599,.10391031,3.2309463,9.6697159,0,1440
2013,55 to 64,509.62384,40.56189,7.1227002,.49083593,0,0,37.046242,37.740608,4.5280304,5.7255483,16.88385,10.538607,2.2659335,1.1999152,12.378222,.17899781,3.8525176,.62257195,.031090433,2.4841251,1.4753131,.019128779,7.2601776,.14152274,.0027753259,.76915139,3.1082966,0,197.86929,.65732956,.39084518,2.6495137,0,.13167338,0,.58302575,0,0,23.105703,.078573167,0,0,.0026334689,.47979984,.034286711,2.8549774,.99842918,.25752747,.27523771,0,.013056147,.037855219,.11187567,.0098472806,.15102327,.61259341,0,.21425039,.0026496395,0,0,.0096577983,69.284592,.17031799,0,36.61451,3.7059169,268.30783,3.8519821,.0277016,0,16.032887,1.2159163,.020088062,0,.089639701,8.8332586,0,1.7916695,1.2678797,.57367933,.87419087,.88341796,.00053785677,1.636394,5.118403,1.0299946,1.1503296,3.1937802,2.6590993,2.9505322,15.815142,.011151335,14.887654,2.0715866,.45065504,.13407396,6.1720366,10.154113,1.848408,1.2938192,.77692962,.30483678,.0045192991,3.1243589,14.082608,0,1439.9996
2014,55 to 64,506.00952,41.695267,7.0264397,.30824539,.0052157245,0,33.852547,38.396408,3.8505607,5.1452413,15.329667,8.5773106,3.5128243,1.0991729,12.528261,0,3.9286933,1.3785964,.05333221,2.0619042,.60022312,0,6.7923045,.25044811,.047844693,.85116565,3.351855,.002319549,219.48387,.59577405,1.6714029,1.2489104,0,.88492274,0,1.1500416,0,0,22.579485,0,0,0,.00020519544,.38082883,.081790805,4.635613,1.1332647,.17775945,.22679748,0,.019235237,.040680397,.34763473,.015786329,.019483708,.35810548,.022262966,.13991003,.32166082,.022819037,0,0,66.640587,.14075063,0,32.075432,2.6218441,262.63257,4.3264422,.037722081,0,14.167248,1.0560575,.064506948,0,.11798182,10.125682,0,2.9178448,2.3218007,.21833999,.58833748,2.0538976,.095264331,1.9189619,4.2242217,1.0807298,1.5204333,2.3597271,1.838963,3.2033978,18.493723,.17058666,16.032017,2.6468749,.46415365,.11683396,5.5358329,8.083621,2.0643573,1.9463323,1.2661281,.04011536,0,.98308897,11.593976,0,1439.9996
2015,55 to 64,510.64038,41.507694,8.445962,.45595196,0,0,36.334133,38.4156,3.4199274,5.6094999,19.949913,9.0855989,2.651408,.94846523,14.935481,.33785552,2.4941933,.47190651,.056885872,1.5784047,.49409813,0,7.7754712,.053170979,.15647812,.56785595,4.3215976,.01173903,197.36772,.11756001,1.8028045,1.8900465,.13061738,1.0801073,.012023654,1.3308598,0,.010262111,22.561579,.1426186,0,0,.0010135091,.54835868,.0066854865,2.7761879,1.4102629,.099492528,.047020633,0,.042799931,.046634711,.14801137,.0045625181,.011078507,.58056915,.022135412,.062115129,.0023410225,.093235709,0,0,65.087128,.199742,0,34.286156,3.0391004,261.53876,5.2924857,.12583125,0,16.321636,1.148339,.06765046,0,0,10.585486,.0017454165,3.8781555,2.8006403,.69880825,.39044613,2.0987692,0,1.2080941,4.7771544,1.5866543,.86674345,3.5990205,2.0863962,3.8066638,18.80411,.33186737,15.966394,2.5544529,.33955428,.078296825,6.2829151,9.0820045,3.2392848,1.147312,1.4415282,.15079714,.013474838,1.1084293,10.899601,0,1440
2016,55 to 64,511.77679,41.99641,5.8753839,.34658253,0,0,36.234905,37.392513,3.8317809,3.718451,16.347614,9.8637714,2.0883005,.80073613,13.024846,.39570442,2.5613804,.40666038,.29096878,2.165108,.49839371,.20762128,9.6160269,.21194623,.10611517,1.5824093,4.1769929,.12924546,203.72081,.07199914,1.1650896,.95824111,0,.90764004,0,1.0008694,0,.053476959,22.796131,.027253833,0,0,0,.42034817,.065217629,4.9662251,1.1821861,.56987178,.10687304,0,0,.081998669,.81300586,.028516104,0,.35721403,.0031926364,.13562292,.099326022,0,0,0,65.329254,.3292143,0,29.510345,4.1582704,263.79636,3.6237078,.037468236,0,18.901327,1.6660271,.20155784,0,0,11.616511,1.55028,3.3542295,1.9319383,.73901832,.84849387,.34839773,.034219861,1.2420752,4.8512344,2.0724814,.83844304,3.1799223,1.6715024,5.6770749,15.782216,.10644291,16.462658,2.7821321,.50611645,.17352062,5.6412988,9.6609249,2.8124106,1.7689698,.80036241,.051237859,.00064886338,1.9870306,8.776886,0,1440.0001
2017,55 to 64,504.56436,41.830498,10.093685,.62599474,0,0,37.803818,37.402542,5.816576,4.5093427,17.570978,9.8444948,1.8169744,1.3342209,11.113254,1.0228542,3.2348466,.47000122,.0026411994,4.3302569,.94004375,0,6.942235,.23367444,.0032571533,1.9586846,4.4288106,0,211.82578,.17224206,2.3914404,1.9777317,0,.62392116,0,.26857007,.032094598,.021652654,21.363514,.011816604,0,0,.0055952161,.5856238,0,3.8895924,.81466806,.045724396,.13974619,0,.016129432,.029197307,.44296435,.027782002,.04084605,.31096181,0,.41425866,.13009784,0,0,.061498929,63.948853,.30648607,0,29.965452,3.8561568,262.04077,4.5532637,.012943746,0,12.993049,1.8473765,.0069719241,0,0,9.8470726,.031003779,3.2001593,2.7912555,.33920771,.26153004,.7090587,.47291693,2.0260968,4.9403219,1.1525879,1.1747068,2.5372872,1.8266276,4.588758,19.614017,.085434787,14.752461,2.8940976,.44385853,.23502676,6.6271858,7.9881001,2.2248912,1.1503769,1.0620543,.10953111,.14818721,3.0381739,10.659199,0,1439.9999
2003,over 65,531.64642,36.352947,10.53736,.8131634,0,.0036371138,51.812138,45.094406,5.4867396,5.3269215,21.821724,5.8401284,1.9778506,1.7868053,18.28137,.27462819,.620242,.047157895,0,4.44835,1.3124189,.027692843,5.9117193,.14416562,.1604833,2.3234239,5.1291528,.0037632443,39.725655,.2403706,1.5024606,.16837342,0,.40897858,0,.36567563,.0067556431,0,23.894714,.13974136,0,0,0,.75352854,.0096667288,6.2785435,1.8541156,.17821127,.056337282,0,.085217163,.25254005,1.5885164,.053684652,.015489005,.52742434,.016514441,.1556816,.21436186,.0045807934,0,0,83.026085,.34176114,0,40.958027,5.4326944,353.52365,5.1526275,.17229676,.0098127676,12.657236,1.2211167,.030611575,0,.043234073,11.843867,.21095645,4.2753572,2.6927078,.95628905,.39587098,.96670294,.10354462,1.556636,6.5677581,2.9139719,.26108167,2.4234827,1.2995806,4.7787404,3.2163215,.11951292,14.13988,3.1586382,.46390024,.12952802,7.4278827,9.024847,2.0211139,2.1114171,1.3373486,.023672028,.0022945788,2.7895198,14.306093,.23038574,1440.0001
2004,over 65,531.39783,36.679817,11.252216,.029101953,0,0,48.216873,41.469975,7.8683391,5.5652356,21.825651,5.8825483,2.1661229,1.8154267,19.929363,.47706527,1.1022627,.26702979,0,3.6260467,.65547037,0,6.4948602,.21326944,.066976406,1.6257384,3.4239047,.052102171,36.569172,.064567506,1.2804558,.045633696,.023978641,1.2857244,.021320716,.42206538,.0039143874,0,23.785244,.01462082,0,0,0,.67684406,.031229444,5.9994044,2.0032828,.37199414,.032721464,0,.093546003,.10820681,1.1154306,.050326388,.13962579,.44382685,0,.059746228,.070812553,.096980862,0,0,82.741814,.16666141,0,39.584808,4.9263916,363.94553,6.0810556,.092348963,.019088021,14.075302,.59429204,.04442127,0,.021544354,12.252363,.0032905566,4.7699881,2.1894202,.6205743,.40546575,.86925864,.29224193,2.362515,5.7309861,2.2094388,.31372359,2.4305909,1.1189928,5.3698673,2.7298377,.27248499,13.895247,3.55843,.52765983,.14409502,9.0705204,9.6037502,1.7532117,2.1421452,1.2853032,.092254214,.0057790326,1.237552,13.535856,0,1440.0001
2005,over 65,537.72076,37.850422,12.410633,.19503693,.052791074,0,44.544075,41.116859,5.7489853,4.3584404,21.79776,5.9991155,1.5941569,2.0152004,20.460752,.0088437581,1.3430674,.05252203,0,2.0243409,.57024652,0,6.1202264,.096077375,.055582337,1.1683155,3.9733548,.0039053441,36.575935,.058402058,.61749673,.019285358,0,1.4300978,0,.95133287,.0070076776,.02395946,26.307947,.10186108,0,0,0,.94423085,.13244085,4.7267919,1.4333916,.37079814,.0097055957,0,.0034498302,.14609179,.49959576,.0061980938,.035822846,.36100528,.025134763,.13659309,.21592304,.14116418,0,0,80.290749,.13242204,0,40.442963,3.9807255,362.58383,4.9320345,.18114983,.0071303635,13.977073,.40607336,.041526407,0,0,11.084639,.041251354,4.6203375,3.0150034,.44999924,.62749344,1.4652836,.14050053,2.3015637,5.3810606,3.4112368,.40429309,2.7487333,1.3972788,4.3545918,3.3191099,.24598844,15.182343,3.3515918,.60799062,.19639456,8.2238531,11.912538,1.6506423,1.8906505,2.3674791,.059637062,.031018522,.73890567,15.239787,0,1440.0005
2006,over 65,534.78589,38.771652,11.062879,.32781106,0,0,49.345139,43.807182,4.5915437,7.0477495,20.334644,6.4220958,2.4726405,1.8936988,16.725395,.10006659,.99286711,.11499301,.0055515952,5.0067077,.65578681,0,7.0292482,.25712377,.069703579,1.2021117,3.4862623,0,34.687798,.21753223,1.6339762,.038768336,0,2.2047744,0,.57791573,0,.010882216,22.81119,.016113035,0,0,0,.47973588,.057073209,5.693274,1.9335523,.057799906,.23204538,0,.0035465201,.24645065,2.0481577,.017277883,.0069438056,.63761818,.008837047,.17529353,.12523885,.10479586,0,.0070930403,80.624367,.25411999,0,42.513367,3.5144374,364.3277,4.6410971,.0048938654,0,12.841404,1.3418232,.0071683843,0,.021153728,10.802633,.040733736,4.0421185,2.0222154,.42813215,.84228575,.48957315,.045116346,1.9882396,7.6051784,2.6584585,.20800211,2.4004905,.99539268,3.353045,2.6284316,.36996904,13.046761,3.6677632,.50352061,.15523502,7.2930603,11.887909,1.445114,1.9402384,1.529796,.034690794,.025235185,.64081812,16.275915,0,1440.0004
2007,over 65,534.69934,36.902485,6.8574438,.19146694,.01010238,0,48.026905,41.141579,4.2109604,4.7602639,22.744055,6.3969021,2.0840077,1.3305246,19.663857,.030237857,1.4875344,.093427561,.0014569288,2.9503446,.41731566,0,5.9574556,.14906877,0,1.346014,2.9954519,.025638606,44.300121,.069071002,2.5121098,.031131895,.012333283,1.1283153,0,.21923399,0,0,23.697855,.040695731,0,0,0,.52381587,.015091615,5.2515492,2.0865643,.070291936,.10559349,0,.0070249136,.084735528,.8185336,.01373635,.22894396,.3184008,0,.090680428,.1338051,.026014846,0,0,81.136154,.056814861,0,40.966587,4.4077563,358.71246,3.5136828,.0093135769,.06864503,16.207962,.61760157,.02158922,0,0,15.179505,0,3.4035838,3.1848545,.36153394,.34090108,1.834384,0,4.098022,6.0622425,2.4437823,.31162921,2.0256798,1.3019938,3.5602765,2.9687784,.11835324,13.621024,2.8976111,.4439224,.17260858,9.6673851,10.578511,2.020977,2.2035964,1.9904902,.039663415,0,1.1782333,16.012371,0,1439.9998
2008,over 65,536.60638,39.121502,8.8791943,.073300771,0,0,46.501492,39.747902,3.8253412,6.6743121,19.178888,6.9015126,1.3324126,.80006069,17.633024,0,.98587918,.065269046,.021338493,1.9615901,.75135684,0,7.179431,.037173383,.019654298,.44338855,2.8789902,.0019415467,44.01667,0,2.0305805,.033148218,0,.60120368,0,.55400175,0,0,22.566355,.020291455,0,0,0,.670775,.1356305,5.6337705,1.959237,.021944584,.042827431,0,.14466251,.11999547,.74153602,0,.03956591,.6659646,.033069704,.16430849,.45605099,.0037664038,0,0,82.223923,.12076528,0,37.192352,3.7712913,367.82968,4.2739072,.10403156,0,14.622812,.96042454,.0062143672,.0015010616,0,15.18154,0,4.8304911,3.3612957,.53505683,.59920031,.83702737,.17639557,3.2071373,7.9916477,1.5310425,.22129504,2.5588534,1.297459,3.4163289,3.6334696,.1023422,13.585626,3.2771659,.58328289,.18532167,7.120831,10.65342,1.6326177,1.9665902,1.3292648,.047328699,.076292098,1.6244292,15.053664,0,1439.9999
2009,over 65,534.37146,39.730442,11.03757,.14050888,0,0,47.628246,43.093758,6.2948923,5.4527888,23.386148,5.9653325,1.4922193,2.3375001,19.871597,.12435336,.53669059,.062121216,0,2.3276601,.59586418,0,5.0763063,.20239845,.43078583,.49807921,3.1867688,0,44.364124,.095767438,.53309828,.046914555,0,.60525244,0,.29334295,0,.0028891652,21.923759,.062295962,0,0,0,1.0764725,0,5.3017349,1.3122267,.091492236,.12423505,0,.0060769222,.19995867,.398341,.055275872,.12273216,.37994313,0,.25311184,.007716863,.019717341,0,0,80.807152,.20528451,0,37.327469,3.2979627,361.35098,3.787375,.053001475,0,15.779952,.53611505,.061510533,0,0,14.324831,.0026070522,5.3625135,3.199393,.50775641,.252253,1.069859,.10545316,2.421407,7.4634428,1.2231666,.55061805,2.5301085,.59954286,3.3646011,4.0824671,.073623173,12.865271,2.9191272,.27495381,.18685666,7.0566635,9.6480227,1.6825384,2.0316992,1.6663562,.18802324,.05820613,1.7157927,18.246035,0,1440
2010,over 65,541.30658,37.961403,12.539634,.33139512,0,0,43.507912,42.434483,3.9949353,4.2575979,23.303064,5.6173911,2.4865158,3.0733929,17.145813,0,1.2069904,.015872233,0,1.6611109,.70623142,0,5.8088174,.3723332,0,.53114766,3.2596667,0,39.979244,.05693271,.82593477,.082761027,0,.81385386,0,.11964445,0,0,23.27701,.1587588,0,0,0,.78926516,.09605249,5.6163683,1.7798719,0,.057914522,0,.078339711,.017191872,.65399611,0,.035177827,.66807795,0,.13325776,.10051258,.059789423,0,.0063197711,81.406059,.13918811,0,35.601234,4.2527251,362.17554,3.8687325,.0032546143,.11877442,15.887969,1.1303281,0,0,0,13.814388,.003270892,4.2471981,3.5102382,.83692771,.98542279,1.9629976,0,3.284189,6.3410192,1.7745546,.22901146,2.1734641,1.142722,3.5314548,3.121088,.041437667,13.568476,3.2597799,.39592001,.051491525,6.4313149,8.9703827,1.9346218,1.8350537,1.6426486,.072724298,.15056804,1.9455988,21.229683,0,1440.0001
2011,over 65,544.5144,39.385727,7.5861907,.14260282,.0299072,0,43.408604,42.472374,4.7141361,5.9973302,24.118084,7.0741997,1.6258624,1.4380927,16.926451,.07810691,.55423003,.045569852,.013419425,1.8737642,.42094609,0,5.6672826,.13527548,.010735844,.60053462,2.3051121,.0063765594,48.667713,.030922849,2.06566,.59772307,.019863067,.33767518,0,.098808318,0,0,25.37833,.0091511169,0,0,0,.66485649,0,3.9430199,2.8563967,.012555931,.18165232,0,.025352594,.15589553,.3195546,.0066102291,.010419595,.32463259,.29442045,.25373045,.036778964,.031180695,0,0,80.595894,.21451002,0,38.455143,3.1714611,355.99365,4.2581758,.013915318,0,12.587304,1.4248509,0,0,0,14.594157,0,4.5311961,2.5324993,.62745106,1.5565994,2.033463,.024929838,2.5899818,6.4522228,.8717584,.72528088,2.7570357,1.2789037,3.0578222,3.6273117,.11375924,14.139688,2.9670441,.35237181,.22181487,7.9824247,9.7622156,1.6904479,2.1123111,1.8694637,.20107274,.026951011,1.3033581,15.813338,0,1440.0001
2012,over 65,530.5155,37.57283,8.2417974,.082707845,0,0,45.537971,41.232765,4.605999,5.6972928,23.426573,8.5452108,2.9634681,1.744681,19.63793,.21115014,1.5472962,.080957286,.02703228,3.4257698,.56945783,0,5.3962398,.30153793,.019617649,.37154514,2.8904009,0,48.692348,.086979456,1.7144644,.28657743,0,.32890767,0,.22705987,0,.010858048,22.716143,.15955396,0,.0038937551,.010464738,.64929765,0,4.8008356,1.3136129,.13179079,.041874874,0,.068209834,.095659204,.55238581,.035760757,.028769709,.49781114,0,.16544834,.084208019,0,0,0,80.136833,.17284197,0,42.173485,4.2583156,358.74591,4.7413893,.027262062,0,17.96381,.88136834,.021168031,0,0,14.439552,0,5.0136333,1.923999,.66562915,.52479124,1.7059892,.42018923,1.8002514,5.8485289,1.7114682,.64627481,2.4843807,1.1164035,3.8305211,4.3031454,.050388668,13.598404,2.6125138,.45947051,.10479597,7.1644382,10.281447,2.0288188,2.3366811,1.2728046,.028276807,.029585956,.80747509,16.319138,0,1439.9996
2013,over 65,532.07538,38.162933,10.776214,.27579698,0,0,41.919823,41.205963,4.262609,5.085463,21.676233,6.8712168,2.4705377,2.0414333,20.174244,.0050694342,1.1368839,.22840883,0,2.3815527,.61611134,0,8.3602829,.2594761,.028386969,.70208561,2.6700211,0,44.245865,0,1.46041,.30727667,0,.63962078,0,.25847661,.023843752,.12110444,22.557579,.061755728,0,0,0,.60674959,.010620325,6.9582777,1.0767467,.040057253,.13637303,0,.0015711872,.021363782,.74091059,.057695173,.021533053,.20313287,.14817019,.07235495,.44810137,0,.0015546143,0,78.279366,.11294477,0,38.168282,3.2655976,363.24408,5.2910972,.014940802,0,13.86042,.48273751,0,0,0,15.040486,.073742978,5.2933197,4.7461653,.50784546,.7030853,2.1436603,.22883572,1.956145,6.8589268,1.7662061,.51943171,2.1806312,1.4840157,2.995415,3.734293,.047221065,13.507418,4.0153203,.35115385,.14004432,7.6083908,10.563713,1.8307266,2.032779,1.6007671,.051216364,.098097533,1.9476662,19.646551,0,1440.0001
2014,over 65,539.82574,36.864693,9.1401758,.17813109,0,.024080714,40.744205,42.730091,4.5916338,6.2447295,19.693394,7.8819351,1.7249465,2.3636286,17.488274,.070026636,1.271793,.069151089,0,3.9257855,.60192996,0,5.2890711,.29214069,.2542828,.9427495,2.9629574,0,49.301689,.027390046,.91264045,.066867128,0,.30189678,0,.091566175,0,.047647662,22.51749,.030413883,0,.0036486448,0,.5842877,0,8.0112028,1.6808314,.097313695,.009346908,0,0,.032272577,.30184177,.066011503,.0056731966,.39991227,.070877992,.099061906,.055241656,.3283084,0,.040127993,76.868752,.16869813,0,39.340843,3.8794942,369.50293,5.5131812,.0091301585,0,13.756227,.41816276,0,0,0,14.305577,.023026271,3.4990046,4.1871743,.42597681,.39194456,1.1324593,.0087926388,1.8470893,5.6793365,1.3498486,1.1356552,2.166811,1.1326249,2.8193784,4.0152411,.039845217,13.311523,3.6414304,.47322056,.14956579,6.2338071,9.275816,1.9427356,1.7547662,1.2110971,.16374519,.016558563,1.3775815,16.571827,0,1440
2015,over 65,537.94037,37.902508,13.074862,.024430051,0,0,43.950691,41.820431,4.740675,4.8555093,22.00103,8.4549398,1.3508999,1.3872117,20.255787,.016222328,1.0086387,.16378596,.034252383,3.7349246,.70879257,0,5.7687922,.12251406,.051066071,.91012442,3.0734365,0,48.66571,.029972201,1.6022421,.26347163,0,.6800859,0,.10035756,.0005274053,.011493926,23.826353,.0063385377,0,0,0,1.0107574,.24695128,5.5312862,1.3428512,.16778186,.067221746,0,.021522444,.11729608,.61555225,.035662524,.052733283,.70305008,0,.19735345,.16962378,.113428,0,0,75.056915,.19279735,0,35.387951,3.3256266,365.83734,3.2502038,.030477136,0,15.206713,.85800844,.006655911,0,0,14.468074,0,6.1475272,3.6203401,.63061756,.71878445,1.5034333,.063331306,1.8934619,6.5496736,1.7805748,.56108618,2.347446,1.3182002,3.6828787,3.332576,.11429792,14.811445,3.140902,.48428163,.23216254,5.9833632,8.8984365,1.8962986,2.0243239,1.3853928,.22223338,.0020751299,.71940368,13.383181,0,1439.9998
2016,over 65,536.52502,37.955982,8.2119808,.15136813,0,0,43.435936,43.508801,5.6770482,6.3604836,20.998945,8.7441254,2.3267231,2.1362634,19.637678,.2003261,1.2628503,.10900591,0,4.1874304,1.045918,0,7.3083215,.12970527,.084883615,.57968593,4.762197,.27271003,50.202553,.025052322,1.4516988,.059234813,0,.57921296,0,.26039249,0,.014317241,24.773375,.084401146,0,.044866983,0,.63780791,.022382537,5.4822426,.96234536,.23658477,.063248955,.0016410243,.1995194,.076100625,1.7260939,.0051304759,.085503742,.47346482,.094570071,.10705955,.11781994,.11877347,0,0,71.818642,.21428733,0,38.228436,3.256547,359.53619,3.0745878,.059243362,0,14.694898,.84867442,.050087433,0,.0050128186,14.553885,0,3.0390949,2.7693496,1.1276274,1.0077597,1.2602354,.03483706,2.3979125,5.2485847,1.7527945,1.8689249,2.2857599,1.3619509,4.0609255,3.4580212,.050394129,16.272652,3.0528047,.47617683,.19023167,6.6192927,10.246514,1.8317673,1.9553531,1.4469573,.041876901,0,2.259434,14.023468,0,1439.9999
2017,over 65,530.14313,37.369175,8.834383,.57720768,.018560158,0,41.83139,42.858227,4.0408535,8.4322519,18.357033,10.117682,2.5756938,1.4003453,18.660227,.34127101,2.2135141,.10788348,.020681057,3.0533013,.66205418,0,6.7748179,.1734184,.0073182574,1.2575647,3.2620311,.11309619,45.774967,0,2.5221412,.062384453,.0087338584,.54232377,0,.51313072,0,.040567853,23.008694,.071550809,0,0,0,.57912511,.012680447,6.3266892,1.1721714,.0171823,.1149114,0,.045799524,.082106397,.54228306,.024240742,.16691589,.82778603,0,.21108897,.029541394,.0074227084,0,.043736752,73.026184,.15295105,0,33.644897,5.5911403,378.63388,4.6895447,.074287631,.051066641,15.054494,1.3138891,.27692777,0,0,12.422122,.083525464,4.9555163,2.2514777,.67147249,.80956727,1.4043227,0,2.5801539,5.5207682,1.7011951,.67536509,3.0427485,1.4265276,3.6537216,3.6096087,.065163814,14.650566,3.6495743,.62879401,.22239317,7.6760082,9.0044336,1.9426292,1.9211433,1.1954403,.088559248,.016667996,1.3091482,14.360826,0,1439.9999
